Feature 1,Feature 2,Absolute Correlation
Bwd Pkt Len Mean,Bwd Seg Size Avg,1.0
Fwd Pkt Len Mean,Fwd Seg Size Avg,1.0
Tot Bwd Pkts,Subflow Bwd Pkts,1.0
Tot Fwd Pkts,Subflow Fwd Pkts,1.0
TotLen Bwd Pkts,Subflow Bwd Byts,1.0
Fwd PSH Flags,SYN Flag Cnt,1.0
TotLen Fwd Pkts,Subflow Fwd Byts,1.0
RST Flag Cnt,ECE Flag Cnt,0.9999840855786768
Bwd Header Len,Subflow Bwd Pkts,0.9992958521850474
Tot Bwd Pkts,Bwd Header Len,0.9992958521850474
Tot Bwd Pkts,TotLen Bwd Pkts,0.9973538585711765
Tot Bwd Pkts,Subflow Bwd Byts,0.9973538585711765
Subflow Bwd Pkts,Subflow Bwd Byts,0.9973538585711765
TotLen Bwd Pkts,Subflow Bwd Pkts,0.9973538585711762
TotLen Bwd Pkts,Bwd Header Len,0.9945976192726853
Bwd Header Len,Subflow Bwd Byts,0.9945976192726853
Idle Mean,Idle Min,0.9943017600278906
Idle Mean,Idle Max,0.9940386350051547
Pkt Len Mean,Pkt Size Avg,0.9931444532574311
Flow Duration,Fwd IAT Tot,0.9931310858630754
Flow IAT Min,Fwd IAT Min,0.9915564241851132
Flow IAT Mean,Flow IAT Min,0.9868829832468182
Flow IAT Mean,Fwd IAT Mean,0.986723062634891
Fwd Header Len,Subflow Fwd Pkts,0.9861976873354228
Tot Fwd Pkts,Fwd Header Len,0.9861976873354227
Flow IAT Mean,Fwd IAT Min,0.9850292762413606
Fwd IAT Mean,Fwd IAT Min,0.9823934930024694
Bwd Pkt Len Max,Pkt Len Max,0.9814899925940112
Flow IAT Max,Fwd IAT Max,0.9784561688484142
Fwd Pkt Len Min,Pkt Len Min,0.977788096725857
Idle Max,Idle Min,0.9776490074940004
Flow IAT Min,Fwd IAT Mean,0.9735476262004995
Active Mean,Active Min,0.9705066597836627
Pkt Len Mean,Bwd Seg Size Avg,0.9664011949564579
Bwd Pkt Len Mean,Pkt Len Mean,0.9664011949564578
Bwd Pkt Len Max,Bwd Pkt Len Std,0.9643547940893492
Bwd Pkt Len Mean,Pkt Size Avg,0.9636370049785665
Pkt Size Avg,Bwd Seg Size Avg,0.9636370049785665
Bwd Pkt Len Std,Pkt Len Std,0.9620781792568157
Fwd Pkt Len Max,Fwd Pkt Len Std,0.9480792424992502
Bwd Pkt Len Std,Pkt Len Max,0.9467571785776432
Pkt Len Max,Pkt Len Std,0.9454892505959684
Bwd Pkt Len Max,Pkt Len Std,0.9418337456663247
Flow Pkts/s,Fwd Pkts/s,0.9403355661148635
Bwd IAT Std,Bwd IAT Max,0.9165511654014852
Fwd Header Len,Bwd Header Len,0.8980499872039619
Tot Bwd Pkts,Fwd Header Len,0.8938447517069309
Fwd Header Len,Subflow Bwd Pkts,0.8938447517069308
Tot Fwd Pkts,Bwd Header Len,0.8937321857392104
Bwd Header Len,Subflow Fwd Pkts,0.8937321857392104
Tot Fwd Pkts,Tot Bwd Pkts,0.8913396167016007
Subflow Fwd Pkts,Subflow Bwd Pkts,0.8913396167016007
Tot Bwd Pkts,Subflow Fwd Pkts,0.8913396167016007
Tot Fwd Pkts,Subflow Bwd Pkts,0.8913396167016007
Fwd Header Len,Subflow Bwd Byts,0.8849444799972762
TotLen Bwd Pkts,Fwd Header Len,0.8849444799972762
Subflow Fwd Pkts,Subflow Bwd Byts,0.8839614441201828
TotLen Bwd Pkts,Subflow Fwd Pkts,0.8839614441201828
Tot Fwd Pkts,Subflow Bwd Byts,0.8839614441201828
Tot Fwd Pkts,TotLen Bwd Pkts,0.8839614441201828
Fwd Pkt Len Max,Pkt Len Max,0.8813962813364408
Fwd Pkt Len Std,Fwd Seg Size Avg,0.8799688089911103
Fwd Pkt Len Mean,Fwd Pkt Len Std,0.8799688089911103
Pkt Len Mean,Pkt Len Std,0.8751103286372736
Active Mean,Active Max,0.8743676896804433
Protocol,Pkt Len Min,0.8691550256423565
Fwd Pkt Len Std,Pkt Len Max,0.8686122089331219
Pkt Len Std,Bwd Seg Size Avg,0.868022806081903
Bwd Pkt Len Mean,Pkt Len Std,0.868022806081903
Fwd Pkt Len Max,Fwd Seg Size Avg,0.8500060406489408
Fwd Pkt Len Max,Fwd Pkt Len Mean,0.8500060406489408
Pkt Len Std,Pkt Size Avg,0.8498908924445242
Protocol,Bwd Pkt Len Min,0.8497743706586434
Protocol,Fwd Pkt Len Min,0.8443973972402462
Flow Duration,Bwd IAT Tot,0.8434257863972762
Fwd IAT Tot,Bwd IAT Tot,0.8378774089569719
Fwd Pkt Len Max,Bwd Pkt Len Max,0.8295048086636367
Fwd Pkt Len Std,Bwd Pkt Len Max,0.8232590833876152
Flow IAT Std,Fwd IAT Std,0.8210363907363368
Bwd Pkt Len Min,Pkt Len Min,0.8162201827306909
Fwd Pkt Len Std,Bwd Pkt Len Std,0.8005835788256087
Fwd Pkt Len Min,Bwd Pkt Len Min,0.7948228164602148
Fwd Pkt Len Std,Pkt Len Std,0.7923495570021035
Fwd IAT Mean,Fwd IAT Max,0.7901092680096928
Flow IAT Max,Fwd IAT Mean,0.7731959082630162
Active Max,Active Min,0.7709419487609069
Fwd Pkt Len Max,Fwd Act Data Pkts,0.7608473205790885
Bwd IAT Tot,Bwd IAT Std,0.7559882497182439
Fwd Pkt Len Max,Pkt Len Std,0.7535293208715614
Bwd IAT Tot,Bwd IAT Max,0.7513727253206193
Fwd IAT Tot,Fwd IAT Max,0.7504671973710839
Bwd Pkt Len Mean,Bwd Pkt Len Std,0.7501194195477024
Bwd Pkt Len Std,Bwd Seg Size Avg,0.7501194195477024
Bwd IAT Mean,Bwd IAT Min,0.7494072716062194
Fwd Pkt Len Max,Bwd Pkt Len Std,0.7489477681722099
Flow Duration,Flow IAT Max,0.7489005891309628
Flow IAT Mean,Flow IAT Max,0.7460845379696676
Bwd Pkt Len Std,Pkt Len Mean,0.7447470728019757
Fwd Pkt Len Mean,Pkt Len Max,0.7445360442524086
Pkt Len Max,Fwd Seg Size Avg,0.7445360442524086
Flow Duration,Fwd IAT Max,0.7443998198513274
Bwd IAT Max,Idle Max,0.7439085873400103
Flow IAT Max,Idle Max,0.7438537647919681
Flow IAT Mean,Fwd IAT Max,0.7427103100825178
Flow IAT Max,Idle Mean,0.7392580960524925
Bwd Pkt Len Max,Pkt Len Mean,0.7388380557864953
Pkt Len Max,Pkt Len Mean,0.7379142096164958
Flow Pkts/s,Bwd Pkts/s,0.733886509592809
Flow IAT Max,Fwd IAT Tot,0.7319634824446748
Bwd Pkt Len Max,PSH Flag Cnt,0.7312938902711565
Bwd IAT Max,Idle Mean,0.7299303649556491
Flow IAT Max,Idle Min,0.7272554086992138
Bwd Pkt Len Std,PSH Flag Cnt,0.7265614377423728
Flow Duration,Idle Max,0.7230192592972404
Flow Duration,Idle Mean,0.7227790050585617
Pkt Len Max,PSH Flag Cnt,0.722155557283966
Bwd Pkt Len Max,Bwd Pkt Len Mean,0.7191121266545905
Bwd Pkt Len Max,Bwd Seg Size Avg,0.7191121266545905
Fwd IAT Std,Bwd IAT Std,0.7139308789463357
Bwd Pkt Len Std,Pkt Size Avg,0.7119317420434256
Fwd IAT Max,Idle Max,0.7118299795028724
Bwd Pkt Len Max,Pkt Size Avg,0.7084515222563769
Fwd IAT Max,Idle Mean,0.7083423465892816
Pkt Len Max,Pkt Size Avg,0.7079631730031645
Flow Duration,Idle Min,0.7066618324334553
Bwd IAT Max,Idle Min,0.7063523504499511
Pkt Len Max,Fwd Act Data Pkts,0.7046139341682965
Pkt Len Max,Bwd Seg Size Avg,0.7039369449427062
Bwd Pkt Len Mean,Pkt Len Max,0.7039369449427061
Fwd IAT Tot,Idle Mean,0.7026174857252627
Fwd IAT Tot,Idle Max,0.7014818421487604
Fwd IAT Max,Fwd IAT Min,0.6980125852691123
Fwd IAT Max,Idle Min,0.6973270923986891
Fwd IAT Std,Bwd IAT Max,0.6962032281660693
Flow IAT Min,Fwd IAT Max,0.6918040604255863
Fwd IAT Tot,Idle Min,0.6877287904851839
Fwd Pkt Len Std,PSH Flag Cnt,0.6853330119254886
Flow IAT Max,Fwd IAT Min,0.6834542828698795
TotLen Fwd Pkts,Pkt Len Var,0.6819269159371529
Pkt Len Var,Subflow Fwd Byts,0.6819269159371529
Bwd Pkt Len Max,Fwd Seg Size Avg,0.6816965936655719
Fwd Pkt Len Mean,Bwd Pkt Len Max,0.6816965936655719
Flow IAT Max,Flow IAT Min,0.6773174504346888
Bwd Pkt Len Max,Fwd Act Data Pkts,0.6765318104026583
Protocol,Fwd Seg Size Min,0.6762449463094686
Bwd IAT Std,Idle Max,0.6727502081193591
Fwd Pkt Len Mean,Pkt Len Std,0.6660605310852813
Pkt Len Std,Fwd Seg Size Avg,0.6660605310852813
Bwd IAT Std,Idle Mean,0.6652238705285807
Pkt Len Std,PSH Flag Cnt,0.6645819950489706
Fwd Pkt Len Max,PSH Flag Cnt,0.6599784969260755
Fwd IAT Std,Fwd IAT Max,0.6550522096515874
Bwd IAT Tot,Bwd IAT Mean,0.6549638966092282
Flow IAT Std,Idle Max,0.6484647192193211
Bwd IAT Std,Idle Min,0.6477267548551712
Pkt Len Min,Fwd Seg Size Min,0.6423431643996624
Flow IAT Std,Idle Mean,0.6415976970722027
Flow IAT Max,Fwd IAT Std,0.6402783884224322
Fwd Pkt Len Mean,Bwd Pkt Len Std,0.6371985570165807
Bwd Pkt Len Std,Fwd Seg Size Avg,0.6371985570165807
Flow Duration,Bwd IAT Std,0.6319378427240149
Init Fwd Win Byts,Fwd Seg Size Min,0.6296102783971038
Fwd IAT Tot,Fwd IAT Std,0.6294343925137802
Flow IAT Std,Bwd IAT Max,0.6293674998202052
Fwd IAT Std,Idle Max,0.6292674264496256
Flow Duration,Bwd IAT Max,0.6286570343409339
Bwd Pkt Len Min,Fwd Seg Size Min,0.6284344094462603
Flow IAT Std,Idle Min,0.626205659593801
Flow Duration,Fwd IAT Std,0.6259953785478702
Fwd Pkt Len Min,Fwd Seg Size Min,0.6252142137188851
Pkt Len Std,Pkt Len Var,0.6251608766823354
Flow IAT Std,Flow IAT Max,0.62342176530787
Active Std,Active Max,0.6224055094626211
Fwd IAT Std,Idle Mean,0.6213465594982063
ECE Flag Cnt,Init Bwd Win Byts,0.620415594810459
RST Flag Cnt,Init Bwd Win Byts,0.6204040043003866
Fwd IAT Tot,Bwd IAT Std,0.6170691839010718
Bwd IAT Mean,Bwd IAT Max,0.6123911055649045
Fwd IAT Tot,Bwd IAT Max,0.6102299286581996
Flow IAT Std,Bwd IAT Std,0.6091925455828067
Fwd IAT Std,Idle Min,0.6049792161920653
PSH Flag Cnt,Fwd Seg Size Min,0.6044547310845733
Pkt Len Max,Pkt Len Var,0.6040369418748328
Fwd Pkt Len Std,Fwd Act Data Pkts,0.6007724126732275
Flow Duration,Flow IAT Std,0.5956095391479489
Pkt Len Mean,Pkt Len Var,0.5882313774313048
Flow IAT Std,Bwd IAT Mean,0.586093811415751
Fwd IAT Std,Bwd IAT Tot,0.585758916872179
Fwd Pkt Len Std,Init Bwd Win Byts,0.5854148170876295
Dst Port,ACK Flag Cnt,0.5780621439309294
Fwd Pkt Len Std,Pkt Len Mean,0.5730033387335167
PSH Flag Cnt,Fwd Act Data Pkts,0.5719090449840484
Pkt Len Var,Pkt Size Avg,0.5713378222381861
Pkt Len Var,Bwd Seg Size Avg,0.5705174607095784
Bwd Pkt Len Mean,Pkt Len Var,0.5705174607095784
Pkt Size Avg,Fwd Seg Size Avg,0.5682396873592959
Fwd Pkt Len Mean,Pkt Size Avg,0.5682396873592959
PSH Flag Cnt,Init Fwd Win Byts,0.5670472258679833
Pkt Len Std,Fwd Act Data Pkts,0.5598981605757627
Flow IAT Max,Bwd IAT Max,0.5586310504204071
Bwd IAT Tot,Idle Max,0.5577507593274088
Fwd Pkt Len Mean,Pkt Len Mean,0.5575171855670288
Pkt Len Mean,Fwd Seg Size Avg,0.5575171855670288
Bwd IAT Tot,Idle Mean,0.555613518466568
Fwd Pkt Len Max,Pkt Len Var,0.553276983096174
Flow Duration,Bwd IAT Mean,0.5511468321508115
Fwd Pkt Len Max,Pkt Len Mean,0.5508142359832091
Bwd IAT Mean,Bwd IAT Std,0.5505499476239838
PSH Flag Cnt,ACK Flag Cnt,0.5498225970934655
Flow IAT Std,Fwd IAT Tot,0.5483286790963167
Fwd IAT Tot,Fwd IAT Mean,0.5429869621658489
Fwd Pkt Len Std,Pkt Size Avg,0.5423461023311241
Bwd Pkt Len Std,Fwd Act Data Pkts,0.5412243393879377
Flow IAT Std,Fwd IAT Max,0.5399550049823828
Protocol,PSH Flag Cnt,0.5394476752787799
Flow Duration,Fwd IAT Mean,0.5376914073032366
Bwd IAT Tot,Idle Min,0.5370714639325048
Fwd Pkt Len Std,Pkt Len Var,0.5368291103906331
Flow IAT Std,Bwd IAT Tot,0.5358364395762433
Fwd IAT Max,Bwd IAT Max,0.5339192159163503
Fwd IAT Tot,Bwd IAT Mean,0.5243435660463598
Fwd Pkt Len Max,Pkt Size Avg,0.5205422533072755
Fwd Pkt Len Mean,Pkt Len Var,0.5194666889062962
Pkt Len Var,Fwd Seg Size Avg,0.5194666889062962
Bwd Pkt Len Std,Pkt Len Var,0.5144515728381098
Fwd Pkt Len Mean,Fwd Act Data Pkts,0.5118408964810388
Fwd Seg Size Avg,Fwd Act Data Pkts,0.5118408964810388
Fwd Seg Size Avg,Init Bwd Win Byts,0.5093242442029453
Fwd Pkt Len Mean,Init Bwd Win Byts,0.5093242442029453
Flow IAT Max,Bwd IAT Std,0.5059037438289838
Fwd Pkt Len Max,Init Bwd Win Byts,0.5032681313113063
Pkt Len Min,PSH Flag Cnt,0.5019925505073721
Init Fwd Win Byts,Fwd Act Data Pkts,0.4930169136013835
Bwd Pkt Len Min,PSH Flag Cnt,0.4924534168851923
Fwd Pkt Len Min,PSH Flag Cnt,0.49221845889710414
Bwd Pkt Len Std,Init Bwd Win Byts,0.48865889995403766
Bwd Pkt Len Max,Init Bwd Win Byts,0.4878559841953781
PSH Flag Cnt,Fwd Seg Size Avg,0.48782896084189487
Fwd Pkt Len Mean,PSH Flag Cnt,0.48782896084189475
Fwd IAT Max,Bwd IAT Std,0.4873669031208611
Pkt Len Max,Init Bwd Win Byts,0.47857368007516204
Bwd Pkt Len Max,Pkt Len Var,0.47706736357181245
Flow Duration,Flow IAT Mean,0.47602220558163066
Fwd Pkt Len Std,Bwd Seg Size Avg,0.4760123224756223
Fwd Pkt Len Std,Bwd Pkt Len Mean,0.4760123224756222
Flow Byts/s,Fwd Pkts/s,0.473965065245619
Flow IAT Mean,Fwd IAT Tot,0.4710664852405253
Fwd Pkts/s,Bwd Pkts/s,0.45897829066229634
ACK Flag Cnt,URG Flag Cnt,0.456551387457213
Bwd Pkt Len Max,ACK Flag Cnt,0.4509745067160823
Fwd Pkt Len Max,Bwd Pkt Len Mean,0.44927493892460996
Fwd Pkt Len Max,Bwd Seg Size Avg,0.44927493892460996
Fwd Act Data Pkts,Fwd Seg Size Min,0.44916640957644743
ACK Flag Cnt,Fwd Seg Size Avg,0.44742421858632575
Fwd Pkt Len Mean,ACK Flag Cnt,0.44742421858632564
Bwd IAT Mean,Idle Max,0.4426398380082858
Bwd IAT Mean,Idle Mean,0.4412913766880032
Pkt Len Max,ACK Flag Cnt,0.43987553066411805
Pkt Len Mean,PSH Flag Cnt,0.4378078635760956
Bwd IAT Tot,Pkt Len Std,0.43604879457025986
Fwd Pkt Len Mean,Bwd Pkt Len Mean,0.43068982875049083
Bwd Pkt Len Mean,Fwd Seg Size Avg,0.43068982875049083
Fwd Seg Size Avg,Bwd Seg Size Avg,0.43068982875049083
Fwd Pkt Len Mean,Bwd Seg Size Avg,0.43068982875049083
Fwd IAT Mean,Idle Min,0.4283471543677493
Bwd IAT Mean,Idle Min,0.4283212411809292
Fwd IAT Mean,Idle Mean,0.42603082422083965
Pkt Len Std,Init Bwd Win Byts,0.42487094303037565
Pkt Len Mean,Fwd Act Data Pkts,0.4247675687264495
Fwd IAT Mean,Idle Max,0.4184013454247205
ACK Flag Cnt,Pkt Size Avg,0.41767755850146726
Flow Byts/s,Flow Pkts/s,0.4162537928334487
Dst Port,URG Flag Cnt,0.4131586011774627
Fwd Pkt Len Max,Init Fwd Win Byts,0.4116053491189261
Pkt Len Std,ACK Flag Cnt,0.4114717457391572
Fwd IAT Tot,Fwd IAT Min,0.4102300633204894
Fwd IAT Std,Bwd IAT Mean,0.4064200681768756
Flow Duration,Fwd IAT Min,0.40548348900489783
Bwd Pkt Len Mean,PSH Flag Cnt,0.40321208816224374
PSH Flag Cnt,Bwd Seg Size Avg,0.4032120881622437
Flow IAT Min,Fwd IAT Tot,0.40127808221600764
Bwd IAT Max,Pkt Len Std,0.4011755423445116
Flow IAT Mean,Idle Min,0.40064927438306935
Flow IAT Max,Bwd IAT Tot,0.3993468295538568
Bwd IAT Max,Bwd Seg Size Avg,0.3971848578059226
Bwd Pkt Len Mean,Bwd IAT Max,0.3971848578059226
Flow IAT Mean,Idle Mean,0.3968432401911851
Flow Duration,Flow IAT Min,0.39646124714274894
Protocol,Bwd Pkt Len Std,0.3963087539159326
Fwd IAT Max,Bwd IAT Tot,0.3960866160971004
Bwd Pkt Len Std,ACK Flag Cnt,0.3948666320951884
Bwd Pkt Len Std,Bwd IAT Tot,0.3923701125341585
Bwd IAT Tot,Pkt Len Max,0.39164513629575815
Protocol,Fwd Pkt Len Std,0.39052493122037596
Fwd Pkt Len Std,ECE Flag Cnt,0.39009229950461133
Fwd Pkt Len Std,RST Flag Cnt,0.39008177898547464
Bwd IAT Max,Pkt Len Mean,0.3896167045032503
Flow IAT Mean,Idle Max,0.38899160739912075
Bwd Pkt Len Mean,Bwd IAT Tot,0.3885322144209788
Bwd IAT Tot,Bwd Seg Size Avg,0.3885322144209788
Bwd Pkt Len Max,Bwd IAT Tot,0.3874554849421921
Fwd IAT Std,Pkt Len Std,0.38688041348041113
PSH Flag Cnt,Pkt Size Avg,0.3866721821018744
Protocol,Down/Up Ratio,0.38591512551459484
Fwd Pkt Len Max,ACK Flag Cnt,0.38568466490995107
Bwd IAT Tot,Pkt Len Mean,0.383076079352528
Pkt Len Mean,ACK Flag Cnt,0.3829972090995483
Bwd Pkt Len Mean,ACK Flag Cnt,0.38103239233444397
ACK Flag Cnt,Bwd Seg Size Avg,0.38103239233444386
Pkt Size Avg,Fwd Act Data Pkts,0.3808579341047991
Bwd IAT Std,Pkt Len Std,0.3804634789567526
Protocol,Init Fwd Win Byts,0.3799219887142901
Bwd Pkt Len Std,Bwd IAT Std,0.37613487692938863
PSH Flag Cnt,Init Bwd Win Byts,0.3716272418690495
Bwd IAT Tot,Active Std,0.37015686933974773
Bwd Pkt Len Mean,Fwd IAT Std,0.3689628059035579
Fwd IAT Std,Bwd Seg Size Avg,0.3689628059035578
Bwd Pkt Len Std,Pkt Len Min,0.36886858153174085
Bwd IAT Max,Pkt Size Avg,0.36778292869189955
Pkt Len Var,Fwd Act Data Pkts,0.3676927840301064
Bwd Pkt Len Std,Fwd IAT Std,0.36688200109626246
Fwd Pkt Len Std,Pkt Len Min,0.3628699703974847
Bwd Pkt Len Std,Bwd IAT Max,0.3627198039101776
Bwd Pkt Len Max,Init Fwd Win Byts,0.36224774485881406
Bwd Pkt Len Min,Bwd Pkt Len Std,0.3615216658792545
Fwd Pkt Len Min,Bwd Pkt Len Std,0.36130115938334806
Bwd Pkt Len Min,Down/Up Ratio,0.35904364338096856
Pkt Len Max,Init Fwd Win Byts,0.35644888234888117
Bwd IAT Tot,Pkt Size Avg,0.3564340767917994
Fwd Seg Size Avg,Subflow Fwd Byts,0.3563371751538032
TotLen Fwd Pkts,Fwd Seg Size Avg,0.3563371751538032
Fwd Pkt Len Mean,Subflow Fwd Byts,0.3563371751538032
TotLen Fwd Pkts,Fwd Pkt Len Mean,0.3563371751538032
Fwd Pkt Len Std,Bwd Pkt Len Min,0.3554120500564325
Fwd Pkt Len Min,Fwd Pkt Len Std,0.35515212824695647
Pkt Len Min,Init Fwd Win Byts,0.35320568508229744
Fwd Pkt Len Std,ACK Flag Cnt,0.35275591945665563
Bwd IAT Std,Pkt Len Max,0.352177069395744
Bwd Pkt Len Max,Bwd IAT Std,0.35208600384877625
Bwd Pkt Len Max,Bwd IAT Max,0.3504026510215237
Bwd IAT Max,Pkt Len Max,0.34928823763558403
Bwd IAT Tot,Fwd Act Data Pkts,0.3476136885498882
Fwd IAT Std,Pkt Len Mean,0.3474141951992496
Bwd Pkt Len Min,Init Fwd Win Byts,0.34656641443187836
Fwd Pkt Len Min,Init Fwd Win Byts,0.3459109445485601
Fwd Pkt Len Max,ECE Flag Cnt,0.3444032753173445
Fwd Pkt Len Max,RST Flag Cnt,0.34439319655379336
Bwd Seg Size Avg,Fwd Act Data Pkts,0.34321628343096106
Bwd Pkt Len Mean,Fwd Act Data Pkts,0.343216283430961
Protocol,Pkt Len Max,0.3421078030414937
Protocol,Bwd Pkt Len Max,0.3419513351930809
Bwd Pkts/s,Fwd Seg Size Min,0.33991484614454026
Flow Duration,Pkt Len Std,0.3389394962766128
Fwd Pkt Len Mean,ECE Flag Cnt,0.3387382822502138
ECE Flag Cnt,Fwd Seg Size Avg,0.33873828225021374
RST Flag Cnt,Fwd Seg Size Avg,0.338727076293444
Fwd Pkt Len Mean,RST Flag Cnt,0.338727076293444
Fwd Pkt Len Std,Init Fwd Win Byts,0.3368416003119535
Fwd IAT Min,Idle Min,0.3361622015424023
Fwd IAT Tot,Pkt Len Std,0.33581834656214565
Bwd Pkt Len Max,Fwd IAT Std,0.333395965883309
Fwd IAT Std,Pkt Len Max,0.3332932325556701
Fwd Pkt Len Max,Fwd Seg Size Min,0.3322942308280939
Fwd IAT Std,Pkt Size Avg,0.33214526046990467
Pkt Len Min,Down/Up Ratio,0.3316315017569725
Fwd IAT Min,Idle Mean,0.33026310106465445
Bwd IAT Tot,Active Max,0.329768461043688
Fwd Pkt Len Max,Subflow Fwd Byts,0.3292825143053259
TotLen Fwd Pkts,Fwd Pkt Len Max,0.32928251430532585
Fwd Pkt Len Min,Down/Up Ratio,0.32888134398785196
Protocol,Fwd Pkt Len Max,0.32884241730817937
Flow IAT Max,Bwd IAT Mean,0.3255624686119223
Flow Duration,Active Std,0.3243216829026219
SYN Flag Cnt,ACK Flag Cnt,0.32382840585181977
Fwd PSH Flags,ACK Flag Cnt,0.32382840585181977
Bwd Pkt Len Max,ECE Flag Cnt,0.3234151376191705
Bwd Pkt Len Max,RST Flag Cnt,0.3234047856074544
Flow IAT Min,Idle Min,0.32332661990296363
Fwd IAT Min,Idle Max,0.32136074091627576
Fwd IAT Tot,Active Std,0.3181684557739287
Bwd Pkt Len Mean,Bwd IAT Std,0.31723573847772574
Bwd IAT Std,Bwd Seg Size Avg,0.31723573847772574
Flow IAT Min,Idle Mean,0.31720624055233493
Pkt Len Max,ECE Flag Cnt,0.3165191697290256
Pkt Len Max,RST Flag Cnt,0.31650890822132954
Bwd Pkt Len Max,Pkt Len Min,0.3157552046347143
Bwd Pkt Len Std,ECE Flag Cnt,0.31419928178959716
Bwd Pkt Len Std,RST Flag Cnt,0.3141897718030808
Protocol,Fwd Act Data Pkts,0.3136127218414814
Pkt Len Min,Pkt Len Max,0.31348094029243195
Protocol,ACK Flag Cnt,0.31198870158874
Dst Port,PSH Flag Cnt,0.3113694736171919
Flow Duration,Bwd Pkt Len Mean,0.31006774172691326
Flow Duration,Bwd Seg Size Avg,0.31006774172691326
Fwd Pkt Len Min,Bwd Pkt Len Max,0.3099063017070128
Flow IAT Min,Idle Max,0.30842578593983655
Bwd IAT Max,Idle Std,0.30830106092898374
Flow IAT Std,Bwd IAT Min,0.307390837147587
Protocol,Pkt Len Std,0.306620529947517
ACK Flag Cnt,Fwd Act Data Pkts,0.30611654750341105
Fwd Pkt Len Min,Pkt Len Max,0.30569924788586905
Bwd Pkt Len Mean,Fwd IAT Tot,0.30555856015399596
Fwd IAT Tot,Bwd Seg Size Avg,0.30555856015399596
Flow Duration,Bwd Pkt Len Std,0.3045631207275241
Flow Duration,Active Max,0.30368982630194347
Bwd IAT Max,Active Std,0.3027288542119183
Bwd Pkt Len Std,Fwd IAT Tot,0.30222804577985146
Flow Duration,Pkt Len Mean,0.30144058821837694
Pkt Len Var,PSH Flag Cnt,0.2986259052895629
Fwd Pkt Len Max,Bwd Pkt Len Min,0.29739302118844846
Fwd IAT Tot,Pkt Len Mean,0.29612208375004045
Bwd Pkt Len Std,Init Fwd Win Byts,0.2960629466070745
Bwd IAT Std,Pkt Len Mean,0.29563313423242576
Pkt Len Min,Fwd Act Data Pkts,0.29296272415095237
Fwd Pkt Len Max,Pkt Len Min,0.29232578751227845
Subflow Fwd Byts,Fwd Act Data Pkts,0.29145446736449754
TotLen Fwd Pkts,Fwd Act Data Pkts,0.29145446736449754
Bwd Pkt Len Min,Pkt Len Max,0.29131983899169905
Pkt Len Min,Pkt Len Std,0.2903008509700108
Bwd Pkt Len Max,Bwd Pkt Len Min,0.2892988058808598
Bwd Pkt Len Min,Fwd Act Data Pkts,0.28830298686214556
Flow Duration,Pkt Len Max,0.2877503785062839
Pkt Len Min,ACK Flag Cnt,0.2871541719238318
Flow IAT Std,Pkt Len Std,0.287049701693918
Fwd IAT Tot,Pkt Len Max,0.28673559978073304
Fwd Pkt Len Min,Fwd Act Data Pkts,0.2854248010915631
Fwd Pkt Len Std,Fwd Seg Size Min,0.2841904338044028
Flow Duration,Bwd Pkt Len Max,0.2835964308192413
Fwd Pkt Len Max,Fwd Pkt Len Min,0.28301361071898257
Fwd Pkt Len Min,Pkt Len Std,0.282583085662862
Bwd Pkt Len Max,Fwd IAT Tot,0.2824658040857851
Bwd Pkt Len Max,Fwd Seg Size Min,0.2824048980611619
Fwd IAT Max,Bwd IAT Mean,0.2822489478582044
Fwd IAT Tot,Active Max,0.2801894279004711
Pkt Len Max,Fwd Seg Size Min,0.27887534885141624
Bwd IAT Tot,Pkt Len Var,0.2788654597944187
Bwd Pkt Len Min,ACK Flag Cnt,0.27872035121162336
Bwd Pkt Len Std,Flow IAT Std,0.27859934595040897
Bwd Header Len,Pkt Len Mean,0.2770944114851504
Idle Std,Idle Max,0.27676987675925957
Bwd IAT Std,Pkt Size Avg,0.276514151458566
Fwd Header Len,Fwd Act Data Pkts,0.27537278259160575
Bwd IAT Max,Active Max,0.2746463267385605
Fwd Pkt Len Min,ACK Flag Cnt,0.2734203080177759
Flow Duration,Pkt Size Avg,0.27230039787001165
Pkt Len Mean,Subflow Bwd Pkts,0.27185056929351675
Tot Bwd Pkts,Pkt Len Mean,0.27185056929351675
Pkt Len Std,ECE Flag Cnt,0.27168466891871945
Pkt Len Std,RST Flag Cnt,0.27167529345345337
Pkt Len Mean,Subflow Fwd Pkts,0.27068264618354837
Tot Fwd Pkts,Pkt Len Mean,0.27068264618354837
Bwd IAT Std,Active Std,0.26925157586458054
Fwd IAT Tot,Pkt Size Avg,0.26763266009563264
Pkt Len Mean,Init Bwd Win Byts,0.2675935591718083
Flow Pkts/s,Fwd Seg Size Min,0.2652862129221734
Bwd IAT Max,Pkt Len Var,0.2651466688037194
Active Mean,Active Std,0.264762746360864
Bwd Header Len,Pkt Size Avg,0.26289104078222963
Bwd Pkt Len Mean,Flow IAT Std,0.26071271140289615
Flow IAT Std,Bwd Seg Size Avg,0.26071271140289615
Fwd Header Len,Pkt Len Mean,0.2601504734978034
Tot Bwd Pkts,Pkt Size Avg,0.25914956560880703
Pkt Size Avg,Subflow Bwd Pkts,0.259149565608807
Fwd IAT Std,Pkt Len Var,0.25774029151199046
ACK Flag Cnt,Down/Up Ratio,0.2560495738090542
TotLen Fwd Pkts,Fwd Pkt Len Std,0.2550591453356624
Fwd Pkt Len Std,Subflow Fwd Byts,0.2550591453356624
Pkt Size Avg,Subflow Fwd Pkts,0.2547399118668035
Tot Fwd Pkts,Pkt Size Avg,0.2547399118668035
Bwd Pkt Len Std,Fwd Seg Size Min,0.2547359146855654
Pkt Size Avg,Init Bwd Win Byts,0.2544776438847928
Fwd IAT Tot,Fwd Act Data Pkts,0.25339866350253726
PSH Flag Cnt,URG Flag Cnt,0.2513369190060142
Dst Port,Bwd Pkt Len Max,0.25105963244767493
Bwd IAT Tot,PSH Flag Cnt,0.2509526968897362
Tot Fwd Pkts,Fwd Act Data Pkts,0.25078542384143626
Subflow Fwd Pkts,Fwd Act Data Pkts,0.25078542384143626
Bwd Seg Size Avg,Idle Max,0.2506998838887579
Bwd Pkt Len Mean,Idle Max,0.25069988388875786
Flow Duration,Fwd Act Data Pkts,0.24941305757286308
Pkt Len Std,Init Fwd Win Byts,0.24938445834471357
Protocol,Flow Duration,0.24882442904965385
Bwd IAT Std,PSH Flag Cnt,0.24836163170813505
Flow Byts/s,Fwd PSH Flags,0.24759633052762187
Flow Byts/s,SYN Flag Cnt,0.24759633052762187
Dst Port,Pkt Size Avg,0.24733891534328017
Flow IAT Std,Pkt Len Max,0.24659116765389197
Pkt Len Mean,Subflow Bwd Byts,0.24641966941038082
TotLen Bwd Pkts,Pkt Len Mean,0.24641966941038076
Bwd Seg Size Avg,Idle Mean,0.24629447084661443
Bwd Pkt Len Mean,Idle Mean,0.24629447084661443
Pkt Len Mean,Idle Max,0.24587057269074628
Tot Fwd Pkts,Bwd Pkt Len Mean,0.24568016353847905
Bwd Pkt Len Mean,Subflow Fwd Pkts,0.24568016353847905
Bwd Seg Size Avg,Subflow Fwd Pkts,0.24568016353847894
Tot Fwd Pkts,Bwd Seg Size Avg,0.24568016353847894
Bwd Pkt Len Max,Flow IAT Std,0.24547573054699165
Dst Port,Pkt Len Max,0.24332451048933307
Fwd Header Len,Pkt Size Avg,0.24301210753185556
Protocol,Fwd IAT Tot,0.24293877116254697
Bwd Pkt Len Min,Pkt Len Std,0.24196071930448043
Dst Port,Fwd Pkt Len Mean,0.24190008781718791
Dst Port,Fwd Seg Size Avg,0.24190008781718791
Flow IAT Std,Pkt Len Mean,0.24118002796865298
Pkt Len Mean,Idle Mean,0.24046419782314793
Flow Duration,Pkt Len Var,0.2390963847073341
Pkt Len Std,Idle Max,0.23730337597609374
RST Flag Cnt,PSH Flag Cnt,0.23720896796164342
PSH Flag Cnt,ECE Flag Cnt,0.23720519291818487
Bwd Pkt Len Mean,Bwd Header Len,0.23704825836820442
Bwd Header Len,Bwd Seg Size Avg,0.23704825836820437
Fwd IAT Tot,Pkt Len Var,0.23662302964639012
Active Std,Idle Max,0.23635205543349094
TotLen Bwd Pkts,Pkt Size Avg,0.23629080530176333
Pkt Size Avg,Subflow Bwd Byts,0.2362908053017633
Bwd Seg Size Avg,Idle Min,0.23524321807385615
Bwd Pkt Len Mean,Idle Min,0.23524321807385615
Dst Port,Fwd Pkts/s,0.23496312487835325
Tot Bwd Pkts,Bwd Pkt Len Mean,0.23422661252267132
Bwd Seg Size Avg,Subflow Bwd Pkts,0.2342266125226713
Bwd Pkt Len Mean,Subflow Bwd Pkts,0.2342266125226713
Tot Bwd Pkts,Bwd Seg Size Avg,0.2342266125226713
Pkt Len Std,Idle Mean,0.23308668305693928
Active Max,Idle Max,0.23298749538005126
Bwd IAT Std,Idle Std,0.23257045379633495
Bwd Pkt Len Mean,Fwd Header Len,0.23181936143520449
Fwd Header Len,Bwd Seg Size Avg,0.23181936143520446
Down/Up Ratio,Init Bwd Win Byts,0.23151300837819147
Bwd IAT Std,Pkt Len Var,0.23141902706487597
URG Flag Cnt,Fwd Seg Size Avg,0.23095889326566127
Fwd Pkt Len Mean,URG Flag Cnt,0.23095889326566127
Bwd IAT Max,Active Mean,0.2304148395102692
Dst Port,Pkt Len Std,0.23011145837886973
Pkt Len Mean,Idle Min,0.22870625386916815
Dst Port,Bwd Pkt Len Mean,0.2280389789725629
Dst Port,Bwd Seg Size Avg,0.2280389789725629
Pkt Size Avg,Idle Max,0.22745468996770152
ACK Flag Cnt,Init Fwd Win Byts,0.22685999565280934
Bwd IAT Max,PSH Flag Cnt,0.22669853552960126
Flow IAT Std,Pkt Size Avg,0.2263195884107816
Dst Port,Pkt Len Mean,0.2251583717776527
Bwd IAT Std,Active Max,0.22467643398349582
Protocol,Flow IAT Max,0.22226156956828286
Pkt Size Avg,Idle Mean,0.2222562435749062
Pkt Len Std,Idle Min,0.2217983751320157
Pkt Len Mean,Active Max,0.22141925474965843
Pkt Len Mean,Active Std,0.22043790808573424
Fwd IAT Min,ACK Flag Cnt,0.21878605516982313
Flow IAT Min,ACK Flag Cnt,0.2183361810794997
Active Std,Idle Mean,0.21777815588474622
Fwd IAT Std,Active Std,0.21763173621645018
Fwd Pkt Len Max,Bwd IAT Tot,0.21751750491472643
Active Std,Idle Std,0.21627458135063501
Bwd Pkt Len Mean,Init Bwd Win Byts,0.2162365004236432
Bwd Seg Size Avg,Init Bwd Win Byts,0.21623650042364315
Fwd IAT Std,Idle Std,0.21593505938337687
Dst Port,Bwd Pkt Len Std,0.21565727920284153
Fwd Seg Size Avg,Init Fwd Win Byts,0.21561903665452195
Fwd Pkt Len Mean,Init Fwd Win Byts,0.21561903665452195
Fwd Pkt Len Std,Bwd IAT Tot,0.21542890614024598
Protocol,Fwd IAT Max,0.21537329474580133
Protocol,Init Bwd Win Byts,0.2151699187437718
Flow IAT Mean,ACK Flag Cnt,0.21514054820935288
TotLen Bwd Pkts,Bwd Pkt Len Mean,0.2144267497877553
Bwd Pkt Len Mean,Subflow Bwd Byts,0.2144267497877553
Bwd Seg Size Avg,Subflow Bwd Byts,0.21442674978775525
TotLen Bwd Pkts,Bwd Seg Size Avg,0.21442674978775525
Active Max,Idle Mean,0.21392628751676787
Pkt Size Avg,Idle Min,0.21116173106624958
Bwd Pkt Len Max,URG Flag Cnt,0.2110084827571678
Pkt Len Max,URG Flag Cnt,0.21089898254078343
URG Flag Cnt,Pkt Size Avg,0.21072149193932901
Flow IAT Max,Bwd Seg Size Avg,0.2093432708021251
Bwd Pkt Len Mean,Flow IAT Max,0.209343270802125
Bwd IAT Max,Bwd IAT Min,0.20914114029180988
Bwd Pkt Len Mean,Active Std,0.2091055834516844
Bwd Seg Size Avg,Active Std,0.20910558345168437
Bwd IAT Max,Fwd Act Data Pkts,0.2079028797427493
Pkt Size Avg,Active Std,0.20780743846020475
Bwd Pkt Len Mean,Fwd IAT Max,0.2076963331789579
Fwd IAT Max,Bwd Seg Size Avg,0.20769633317895786
Bwd Pkt Len Std,Idle Max,0.2074861306386715
Pkt Size Avg,Active Max,0.2073407357947589
Flow IAT Max,Idle Std,0.20704724227315832
TotLen Fwd Pkts,Pkt Len Max,0.20631152181573625
Pkt Len Max,Subflow Fwd Byts,0.20631152181573625
Dst Port,Fwd Pkt Len Max,0.2056922601949554
Bwd Pkt Len Std,Bwd IAT Mean,0.20557931236317833
Active Mean,Idle Max,0.205341213099302
Flow IAT Std,Idle Std,0.2050010824192996
Bwd Header Len,Fwd Act Data Pkts,0.20478108626295752
Bwd Pkt Len Std,Idle Mean,0.20416212398810057
Fwd IAT Mean,ACK Flag Cnt,0.20348609166187673
Pkt Len Std,URG Flag Cnt,0.20186123248127658
Dst Port,Protocol,0.2005771143291653
Bwd Seg Size Avg,Active Max,0.2002760002801523
Bwd Pkt Len Mean,Active Max,0.2002760002801523
Pkt Len Min,Init Bwd Win Byts,0.2002297516997827
Active Max,Idle Std,0.1990272480670245
Flow IAT Max,Pkt Len Mean,0.19773624132846107
Bwd IAT Mean,Pkt Len Max,0.19766104032263623
Fwd Pkt Len Std,Fwd IAT Std,0.1971562727960102
Fwd Pkt Len Min,Init Bwd Win Byts,0.1962618243849544
Bwd Pkt Len Min,Init Bwd Win Byts,0.1962534569740942
Fwd IAT Mean,Down/Up Ratio,0.19613957031668108
Active Std,Idle Min,0.19594760267636735
Fwd IAT Max,Pkt Len Mean,0.19541697031541547
Bwd IAT Mean,Pkt Len Std,0.1953382747105699
Fwd IAT Min,PSH Flag Cnt,0.19464810782411104
Bwd Pkt Len Std,Idle Min,0.1945404390068316
Pkt Len Std,Active Std,0.19402377941155158
Pkt Len Max,Idle Max,0.1936941901669753
Bwd Pkt Len Max,Bwd IAT Mean,0.1936034145506444
Active Max,Idle Min,0.19307792874592286
Flow IAT Mean,Down/Up Ratio,0.19299365713808841
Pkt Len Mean,URG Flag Cnt,0.1925962252979125
Fwd IAT Max,Idle Std,0.19250007826466006
Bwd Pkt Len Max,Idle Max,0.19223585417260383
Dst Port,Fwd Act Data Pkts,0.19172567721841202
Protocol,Fwd IAT Mean,0.19172502058082097
Flow IAT Min,PSH Flag Cnt,0.19156654230230769
Dst Port,Bwd Pkt Len Min,0.1907750099720008
Flow IAT Std,Pkt Len Var,0.190374497906383
Pkt Len Max,Idle Mean,0.1902682462072045
Fwd IAT Max,Pkt Len Std,0.189299056469759
Fwd Pkt Len Max,URG Flag Cnt,0.18923160939305814
Fwd IAT Std,PSH Flag Cnt,0.18897803924916137
Bwd Pkt Len Max,Idle Mean,0.18883652516259827
ACK Flag Cnt,Init Bwd Win Byts,0.18775277211024308
Flow IAT Max,Pkt Len Std,0.18754201649636684
Flow IAT Min,Down/Up Ratio,0.1873028406712978
Protocol,Idle Mean,0.18687839091987293
Active Mean,Idle Mean,0.1867722387207031
Protocol,Idle Max,0.18603898845593722
Dst Port,Pkt Len Min,0.18573422659584746
Bwd Pkt Len Std,URG Flag Cnt,0.1847890304133823
Flow IAT Std,Active Max,0.18463676190893483
Pkt Len Std,Active Max,0.18440501425429742
Fwd IAT Std,Active Max,0.184318491216404
Protocol,Idle Min,0.18429110124837716
Bwd IAT Std,Fwd Act Data Pkts,0.18412966261838856
Pkt Len Std,Fwd Seg Size Min,0.18370237118816235
Fwd IAT Min,Down/Up Ratio,0.18358467233846168
Active Mean,Idle Std,0.18325963834925837
Tot Fwd Pkts,Pkt Len Std,0.18307698805207615
Pkt Len Std,Subflow Fwd Pkts,0.18307698805207612
Flow IAT Std,Active Std,0.18300661056771628
Protocol,Flow IAT Mean,0.18179738561462314
Fwd Pkt Len Std,URG Flag Cnt,0.1817439386437665
Flow Duration,Bwd Pkt Len Min,0.18151874074895785
Fwd Header Len,Pkt Len Std,0.18127849803761967
Pkt Len Max,Idle Min,0.18087137192448863
Bwd Pkt Len Mean,URG Flag Cnt,0.1806499224572722
URG Flag Cnt,Bwd Seg Size Avg,0.18064992245727218
Bwd Pkt Len Max,Idle Min,0.17953933303471148
Dst Port,Fwd Pkt Len Std,0.17946383326831275
Pkt Len Var,Idle Max,0.17837747291574768
Fwd PSH Flags,PSH Flag Cnt,0.17827135356379245
SYN Flag Cnt,PSH Flag Cnt,0.17827135356379245
Fwd Pkt Len Mean,Flow Pkts/s,0.17748814129789017
Flow Pkts/s,Fwd Seg Size Avg,0.17748814129789017
Dst Port,Fwd Pkt Len Min,0.17672559015489403
Fwd Pkts/s,Fwd Seg Size Min,0.1767146921779636
Flow IAT Max,Pkt Size Avg,0.17618566584384052
Bwd Pkt Len Min,Fwd IAT Tot,0.17593357637027274
Fwd Header Len,Pkt Len Max,0.17565288237391882
Pkt Len Var,Idle Mean,0.17553047523183818
Fwd Pkt Len Std,Down/Up Ratio,0.17505455061140646
Fwd IAT Max,Pkt Size Avg,0.17464015963914123
Bwd Pkt Len Max,Fwd Header Len,0.17460253261350567
Fwd Pkt Len Std,Bwd IAT Std,0.17432408580344017
Idle Mean,Idle Std,0.17407821971282567
Flow Duration,Pkt Len Min,0.1737969511600018
Flow IAT Mean,PSH Flag Cnt,0.1737553172828867
Bwd Pkt Len Max,Flow Pkts/s,0.1735272845698172
Subflow Bwd Pkts,Fwd Act Data Pkts,0.17247544973244716
Tot Bwd Pkts,Fwd Act Data Pkts,0.17247544973244716
Flow Pkts/s,Pkt Len Max,0.17142422239676328
URG Flag Cnt,Down/Up Ratio,0.17124996021873962
Bwd Pkt Len Std,Fwd IAT Max,0.17123173318693943
Flow Duration,Idle Std,0.1708791387834778
Bwd IAT Mean,Active Std,0.17002251893186543
Flow Duration,Fwd Pkt Len Min,0.1697470022742626
Flow IAT Max,Active Std,0.16950090158216502
Dst Port,Flow Pkts/s,0.16935804253154307
Active Mean,Idle Min,0.1692017255738141
Bwd Pkt Len Std,Flow IAT Max,0.1688095553478141
Fwd Act Data Pkts,Active Max,0.1685211063676708
Fwd IAT Tot,Pkt Len Min,0.16800728513714278
Pkt Len Var,Idle Min,0.1677493146232254
Fwd Pkt Len Max,Fwd IAT Std,0.16770734299153914
Pkt Len Var,Init Bwd Win Byts,0.16760380738805414
Fwd Pkt Len Mean,Fwd IAT Min,0.16722422243232785
Fwd IAT Min,Fwd Seg Size Avg,0.16722422243232785
Flow IAT Max,Active Max,0.16719381333499567
Bwd Pkts/s,Init Fwd Win Byts,0.16703119100144068
Pkt Len Mean,ECE Flag Cnt,0.16613704331999524
Pkt Len Mean,RST Flag Cnt,0.1661293956436004
Fwd Pkt Len Mean,Flow IAT Min,0.16567548837670554
Flow IAT Min,Fwd Seg Size Avg,0.16567548837670554
Flow Duration,Active Mean,0.16528698377656617
Bwd IAT Std,Active Mean,0.16517008062713706
Tot Fwd Pkts,Pkt Len Max,0.1651594869476901
Pkt Len Max,Subflow Fwd Pkts,0.1651594869476901
Fwd IAT Max,Active Std,0.16515467309431625
Flow Pkts/s,Pkt Size Avg,0.16423715177957554
Protocol,Fwd IAT Min,0.1641498656152537
Fwd Pkt Len Min,Fwd IAT Tot,0.16414492214175577
Bwd Pkt Len Max,Fwd IAT Min,0.16410640747273908
Bwd IAT Mean,PSH Flag Cnt,0.16404791379124958
Bwd IAT Tot,Active Mean,0.1640289699950674
Protocol,Flow IAT Min,0.1635687240686361
Pkt Len Var,ACK Flag Cnt,0.16333091432215271
Bwd IAT Mean,Active Max,0.16309224374807754
Bwd Pkt Len Max,Subflow Fwd Pkts,0.16298094952318834
Tot Fwd Pkts,Bwd Pkt Len Max,0.16298094952318834
Fwd Pkt Len Max,Fwd Header Len,0.1629800379305429
Fwd Act Data Pkts,Active Std,0.16286549264207473
Fwd IAT Min,Pkt Len Max,0.16275141736792
Fwd IAT Max,Pkt Len Var,0.16219615174689284
Bwd IAT Tot,Idle Std,0.16218494178702744
Flow Pkts/s,Pkt Len Std,0.1619740345688448
Down/Up Ratio,Pkt Size Avg,0.16186524804310745
Flow IAT Max,Pkt Len Var,0.1617744667120707
Bwd Pkt Len Max,Flow IAT Min,0.16153825297344346
Protocol,Pkt Len Var,0.16103389655873332
Protocol,Bwd IAT Tot,0.16094793642069583
Bwd Pkt Len Min,Flow IAT Max,0.16054005236842342
Flow IAT Min,Pkt Len Max,0.16029784762982804
Bwd IAT Max,Active Min,0.16020342165017373
Flow IAT Mean,Fwd Seg Size Avg,0.15986243274219822
Fwd Pkt Len Mean,Flow IAT Mean,0.15986243274219822
Flow IAT Std,PSH Flag Cnt,0.1592605349285442
Fwd Pkts/s,ACK Flag Cnt,0.15922173456608568
ECE Flag Cnt,Pkt Size Avg,0.15842245176613728
RST Flag Cnt,Pkt Size Avg,0.15841440702759768
Fwd Pkt Len Mean,Bwd Pkts/s,0.15840900799932317
Bwd Pkts/s,Fwd Seg Size Avg,0.15840900799932317
Fwd Pkt Len Max,Bwd IAT Std,0.15754745930966804
Fwd IAT Min,Pkt Len Std,0.15691006914491695
Dst Port,SYN Flag Cnt,0.1567960693037411
Dst Port,Fwd PSH Flags,0.1567960693037411
Fwd Pkt Len Std,Bwd IAT Max,0.15678389597967088
Fwd IAT Tot,Idle Std,0.15618000057895368
Pkt Len Max,Active Std,0.15577327259920348
URG Flag Cnt,Fwd Act Data Pkts,0.15551594333623142
Fwd IAT Mean,PSH Flag Cnt,0.15523123076119497
Fwd IAT Min,Pkt Size Avg,0.15469554919671935
Fwd IAT Std,Fwd Act Data Pkts,0.1546905622187584
Flow IAT Min,Pkt Len Std,0.15464168782112525
Bwd IAT Min,Idle Mean,0.1539946304264943
Bwd Pkt Len Std,Active Std,0.15364372068838053
Bwd Pkt Len Min,Fwd IAT Max,0.15363897755349504
Bwd IAT Mean,Fwd Act Data Pkts,0.15353831306811927
Bwd IAT Min,Idle Max,0.15286253037407538
Flow IAT Min,Pkt Size Avg,0.15284514447983347
Fwd Pkt Len Mean,Fwd Pkts/s,0.15279660192557365
Fwd Pkts/s,Fwd Seg Size Avg,0.15279660192557365
Bwd Pkt Len Max,Active Std,0.1527308028454306
Fwd Pkt Len Max,Flow Pkts/s,0.15212545993554444
Flow Pkts/s,Pkt Len Mean,0.15185758393875132
Bwd Pkt Len Std,Flow Pkts/s,0.1518010614762729
Flow IAT Max,Active Mean,0.15171524015084012
Bwd Pkt Len Max,Fwd Pkts/s,0.1516143021161086
Flow Duration,Fwd Pkt Len Std,0.15143471538577224
Fwd Pkt Len Max,Bwd IAT Max,0.15122075818112946
Active Min,Idle Max,0.15121108892125112
Bwd IAT Min,Idle Min,0.1508835041613494
Bwd Pkt Len Max,Bwd Pkts/s,0.15042687103927938
Pkt Len Min,Pkt Len Var,0.15022172173968068
Fwd Pkt Len Std,Fwd IAT Tot,0.1501983127139074
Bwd Pkts/s,Pkt Len Max,0.1501863465722409
Fwd Pkts/s,Pkt Len Max,0.1489841010522917
Bwd IAT Tot,Pkt Len Min,0.14860237568189064
Flow IAT Std,Active Mean,0.14841847057334076
Pkt Len Max,Active Max,0.1484067620604812
Dst Port,Down/Up Ratio,0.14829436633898896
Fwd Pkt Len Std,Flow IAT Std,0.14816607191594858
Flow Pkts/s,Bwd Seg Size Avg,0.1477399996006175
Bwd Pkt Len Mean,Flow Pkts/s,0.14773999960061748
Bwd Pkts/s,Pkt Size Avg,0.14740173473995066
Pkt Len Mean,Active Mean,0.14661864487578558
Fwd Pkt Len Max,Down/Up Ratio,0.14659331588613272
Fwd IAT Mean,Fwd Seg Size Avg,0.14645314944831217
Fwd Pkt Len Mean,Fwd IAT Mean,0.14645314944831217
Fwd Pkt Len Min,Pkt Len Var,0.1461998940956515
Bwd Header Len,Pkt Len Std,0.14546082592888143
Bwd Pkt Len Max,Active Max,0.14526086874825864
Fwd Pkt Len Max,Fwd IAT Min,0.145023300312647
Fwd Pkt Len Min,Bwd IAT Tot,0.144837323644209
Tot Fwd Pkts,Fwd Pkt Len Max,0.14427265337033154
Fwd Pkt Len Max,Subflow Fwd Pkts,0.14427265337033154
Bwd Pkt Len Min,Bwd IAT Tot,0.14403455225954082
Bwd Pkt Len Std,Fwd IAT Min,0.14379342667297978
SYN Flag Cnt,Down/Up Ratio,0.14343162370576595
Fwd PSH Flags,Down/Up Ratio,0.14343162370576595
Fwd IAT Max,Active Max,0.1434224594489803
Fwd IAT Min,Pkt Len Mean,0.14338559841980875
Fwd Pkt Len Max,Fwd IAT Tot,0.1433603369135879
Bwd Pkts/s,Pkt Len Std,0.14291399974898542
Fwd Pkt Len Max,Flow IAT Min,0.14282612104151612
Fwd Pkt Len Std,Flow Pkts/s,0.14272551053312899
Protocol,Bwd IAT Std,0.1426449494710259
Protocol,URG Flag Cnt,0.14243887458131693
Fwd Pkt Len Mean,Fwd IAT Std,0.1422636017480951
Fwd IAT Std,Fwd Seg Size Avg,0.1422636017480951
Flow Duration,Fwd Pkt Len Max,0.14186614506394657
Fwd IAT Max,Down/Up Ratio,0.14179081901610985
Flow IAT Min,Pkt Len Mean,0.1416638183729563
Bwd Pkt Len Std,Flow IAT Min,0.1415311041516149
Flow IAT Max,Pkt Len Min,0.14125581369693135
Fwd Pkt Len Std,Fwd IAT Min,0.1410657359701925
Bwd Pkt Len Min,Pkt Len Var,0.14103534553874242
Fwd Pkts/s,Pkt Size Avg,0.14097865692879347
Bwd Pkt Len Std,Active Max,0.14076433270905025
Flow Byts/s,Bwd Pkts/s,0.14068656015412087
Bwd Pkts/s,Down/Up Ratio,0.14050397412701196
Fwd Pkts/s,Pkt Len Std,0.14026654787985549
Fwd IAT Min,Bwd Seg Size Avg,0.1399807892334478
Bwd Pkt Len Mean,Fwd IAT Min,0.1399807892334478
Tot Fwd Pkts,Bwd IAT Tot,0.13986189089581313
Bwd IAT Tot,Subflow Fwd Pkts,0.1398618908958131
Bwd Pkt Len Max,SYN Flag Cnt,0.13984337015776993
Bwd Pkt Len Max,Fwd PSH Flags,0.13984337015776993
URG Flag Cnt,Fwd Seg Size Min,0.139645928880429
Fwd Pkt Len Std,Flow IAT Min,0.13902183593350492
Flow Duration,PSH Flag Cnt,0.13863169238891931
Init Fwd Win Byts,Init Bwd Win Byts,0.13849565135909686
Fwd Pkt Len Min,Flow IAT Max,0.13832591092875376
Bwd Pkt Len Mean,Flow IAT Min,0.13827011666836553
Flow IAT Min,Bwd Seg Size Avg,0.13827011666836547
Bwd Pkt Len Max,Flow IAT Mean,0.13775658313314137
Fwd IAT Std,Active Mean,0.13761381373988874
Fwd IAT Max,Pkt Len Max,0.13756466705695203
Tot Fwd Pkts,Pkt Len Var,0.13751580741851555
Pkt Len Var,Subflow Fwd Pkts,0.13751580741851552
Bwd Pkt Len Max,Fwd IAT Max,0.13742726258275656
Flow IAT Mean,Pkt Size Avg,0.1373774944170109
Active Min,Idle Mean,0.13724837808507878
Pkt Size Avg,Active Mean,0.13700161313582138
Protocol,Bwd IAT Max,0.13692747098028243
Fwd IAT Tot,Active Mean,0.1366880340534935
Protocol,Flow IAT Std,0.13635595701074482
Flow IAT Mean,Pkt Len Max,0.13597331986586383
RST Flag Cnt,Down/Up Ratio,0.1359367172259316
ECE Flag Cnt,Down/Up Ratio,0.13593200449253898
Bwd Pkts/s,Pkt Len Mean,0.1354210485931615
Pkt Len Var,Active Std,0.134652686343915
Fwd Pkt Len Max,Bwd Pkts/s,0.13461499176174488
Pkt Len Std,Subflow Bwd Pkts,0.13385501096597094
Tot Bwd Pkts,Pkt Len Std,0.1338550109659709
Fwd IAT Max,Pkt Len Min,0.13380683950391045
Protocol,Fwd IAT Std,0.13326213213321186
Bwd IAT Std,Pkt Len Min,0.13314278509623365
Flow IAT Max,Pkt Len Max,0.1328389559555906
Bwd Pkt Len Max,Flow IAT Max,0.13281796557841002
Bwd Pkt Len Std,Fwd Pkts/s,0.13275169404865586
Bwd Pkt Len Std,Down/Up Ratio,0.13215904734512837
Fwd Pkt Len Max,Fwd Pkts/s,0.1315421846805286
Tot Bwd Pkts,Down/Up Ratio,0.1314247490210159
Down/Up Ratio,Subflow Bwd Pkts,0.1314247490210159
Bwd Pkt Len Std,Bwd Pkts/s,0.13135326670822509
Fwd Pkt Len Min,Fwd IAT Max,0.1311491815200185
ECE Flag Cnt,Bwd Seg Size Avg,0.13111442891563344
Bwd Pkt Len Mean,ECE Flag Cnt,0.1311144289156334
RST Flag Cnt,Bwd Seg Size Avg,0.1311076492060042
Bwd Pkt Len Mean,RST Flag Cnt,0.13110764920600418
Fwd Pkts/s,Pkt Len Mean,0.1307880636769995
ACK Flag Cnt,ECE Flag Cnt,0.13058425403618643
RST Flag Cnt,ACK Flag Cnt,0.13056999632343183
Bwd Pkt Len Min,Bwd IAT Std,0.13045810278445802
Pkt Len Mean,Down/Up Ratio,0.1303323115103762
Active Min,Idle Std,0.13014846725212717
Fwd Pkt Len Max,Flow IAT Mean,0.13008324300754684
Bwd Pkt Len Min,URG Flag Cnt,0.13003023963093518
Fwd Pkt Len Std,Bwd Pkts/s,0.12981783227325858
Fwd Pkt Len Min,Bwd IAT Std,0.1298125327710982
Fwd IAT Tot,PSH Flag Cnt,0.1297586039254285
Bwd Pkt Len Mean,Fwd Pkts/s,0.1292935626397857
Fwd Pkts/s,Bwd Seg Size Avg,0.1292935626397857
Bwd Header Len,Down/Up Ratio,0.12891518079515019
Fwd Pkts/s,SYN Flag Cnt,0.12862280005304683
Fwd PSH Flags,Fwd Pkts/s,0.12862280005304683
Flow IAT Mean,Pkt Len Std,0.12816588681774632
Protocol,RST Flag Cnt,0.12796182632218064
Protocol,ECE Flag Cnt,0.12795978988375875
Pkt Len Min,URG Flag Cnt,0.12783754859270985
Bwd Pkt Len Mean,Bwd Pkts/s,0.12765294737494703
Bwd Pkts/s,Bwd Seg Size Avg,0.12765294737494703
Pkt Len Var,Active Max,0.12723900115102357
Flow Pkts/s,Fwd Act Data Pkts,0.12710591920425127
Bwd Header Len,Pkt Len Var,0.1270713011876236
Bwd Header Len,Pkt Len Max,0.12698620947713565
Bwd Pkt Len Mean,Active Mean,0.12677835124983747
Bwd Seg Size Avg,Active Mean,0.1267783512498374
Flow Pkts/s,ACK Flag Cnt,0.12668826984523024
Bwd IAT Std,ACK Flag Cnt,0.1265937673406585
Fwd IAT Mean,Bwd IAT Mean,0.12657133194041634
Fwd Header Len,Pkt Len Var,0.12634380615598978
Bwd IAT Max,Pkt Len Min,0.12599804740996076
Bwd Pkts/s,URG Flag Cnt,0.1255874916580849
Bwd IAT Mean,Idle Std,0.1253906618155625
Active Min,Idle Min,0.1247646704228276
Bwd Pkt Len Std,Fwd PSH Flags,0.12428544568695371
Bwd Pkt Len Std,SYN Flag Cnt,0.12428544568695371
Flow IAT Mean,Pkt Len Mean,0.12423396837781575
Fwd PSH Flags,Pkt Len Max,0.12395957984625464
Pkt Len Max,SYN Flag Cnt,0.1239595798462546
Protocol,Bwd IAT Mean,0.12392244946068964
Fwd Pkt Len Min,URG Flag Cnt,0.12370518985167311
Fwd Header Len,PSH Flag Cnt,0.12356568316917635
Flow IAT Std,Fwd IAT Mean,0.12342641510369198
Bwd Pkt Len Min,Bwd IAT Max,0.12317797985129815
Down/Up Ratio,Subflow Bwd Byts,0.12312562557541681
TotLen Bwd Pkts,Down/Up Ratio,0.12312562557541681
Fwd Pkt Len Std,Flow IAT Mean,0.1230135441056242
Fwd Pkt Len Min,Bwd IAT Max,0.12300379262576269
Subflow Fwd Pkts,Active Max,0.12296131588238618
Tot Fwd Pkts,Active Max,0.12296131588238618
URG Flag Cnt,Init Fwd Win Byts,0.1228761051144852
Bwd Pkt Len Min,Fwd IAT Mean,0.12259123456961742
Bwd Pkt Len Max,Bwd Header Len,0.12239846260990361
Fwd Pkt Len Std,Active Max,0.12200761489569259
Fwd IAT Max,Active Mean,0.12172909415455592
Fwd Pkt Len Std,Fwd Pkts/s,0.12165051512250477
Bwd IAT Tot,Bwd IAT Min,0.1213543963852788
Bwd Header Len,Active Max,0.12133829234497695
Fwd Pkt Len Std,Bwd IAT Mean,0.12117150600346009
Subflow Bwd Pkts,Active Max,0.12073911992361573
Tot Bwd Pkts,Active Max,0.12073911992361573
Bwd IAT Tot,Fwd Header Len,0.12070599028708996
Down/Up Ratio,Bwd Seg Size Avg,0.1203495670726599
Bwd Pkt Len Mean,Down/Up Ratio,0.12034956707265988
Tot Bwd Pkts,Pkt Len Var,0.11984307476853032
Pkt Len Var,Subflow Bwd Pkts,0.11984307476853032
Fwd IAT Min,Fwd Act Data Pkts,0.11980500531023727
Flow IAT Min,Fwd Act Data Pkts,0.11964919244789698
Pkt Len Min,RST Flag Cnt,0.11907713483028312
Pkt Len Min,ECE Flag Cnt,0.11907523978659156
Bwd Pkt Len Mean,Flow IAT Mean,0.11903749180806728
Flow IAT Mean,Bwd Seg Size Avg,0.11903749180806728
Dst Port,Flow Duration,0.11887487809935507
Bwd IAT Tot,Bwd Header Len,0.11881170928281175
TotLen Fwd Pkts,Pkt Len Std,0.11867038735090585
Pkt Len Std,Subflow Fwd Byts,0.11867038735090585
Fwd Act Data Pkts,Idle Max,0.11822524749579884
Fwd Pkt Len Max,Flow IAT Std,0.11739764688664397
Fwd IAT Std,Pkt Len Min,0.11699086084640796
Bwd Pkt Len Min,RST Flag Cnt,0.11681436678852015
Bwd Pkt Len Min,ECE Flag Cnt,0.11681250775547135
Fwd IAT Mean,Fwd IAT Std,0.11680416703104063
Flow IAT Std,Pkt Len Min,0.11676668818716933
Fwd Pkt Len Min,RST Flag Cnt,0.1167586326466497
Fwd Pkt Len Min,ECE Flag Cnt,0.11675677450057263
Flow IAT Std,Fwd Act Data Pkts,0.11652109570533475
Bwd IAT Mean,Bwd Seg Size Avg,0.11644454797527336
Bwd Pkt Len Mean,Bwd IAT Mean,0.11644454797527336
Flow IAT Max,Down/Up Ratio,0.11637292353818807
Dst Port,Fwd IAT Tot,0.11512931939406634
Pkt Len Mean,Idle Std,0.11508993652471847
Tot Bwd Pkts,Bwd IAT Tot,0.11498014873770361
Bwd IAT Tot,Subflow Bwd Pkts,0.11498014873770361
Bwd Pkt Len Min,Idle Max,0.11483940913728237
Flow IAT Max,Bwd IAT Min,0.11470920989674052
Bwd Pkt Len Std,Flow IAT Mean,0.11456842005057345
Fwd Act Data Pkts,Idle Mean,0.11448385853892455
Fwd Pkt Len Min,Fwd IAT Std,0.11444719489214095
Bwd IAT Max,ACK Flag Cnt,0.11421825386174238
Bwd Pkt Len Min,Flow IAT Mean,0.11410274890309734
Fwd Pkt Len Min,Flow IAT Std,0.11389768575578955
Bwd Pkt Len Min,Idle Mean,0.11387285707719064
Flow Duration,Subflow Fwd Pkts,0.11357215589558842
Flow Duration,Tot Fwd Pkts,0.11357215589558842
Bwd Pkts/s,Fwd Act Data Pkts,0.11324409650337747
Bwd IAT Tot,ACK Flag Cnt,0.11299230387541104
Pkt Len Std,Active Mean,0.11295886596543958
Protocol,Flow Pkts/s,0.11283438077160902
Flow IAT Max,Active Min,0.11230994593688362
SYN Flag Cnt,Init Fwd Win Byts,0.1120860964851127
Fwd PSH Flags,Init Fwd Win Byts,0.1120860964851127
Bwd Pkt Len Min,Flow IAT Std,0.11178385747900307
Fwd Header Len,Active Max,0.11129505690242501
Bwd Pkt Len Min,Fwd IAT Std,0.11050666594663047
Bwd Pkt Len Min,Idle Min,0.11046390306583326
Bwd IAT Mean,Pkt Len Min,0.11031851103247446
ACK Flag Cnt,Fwd Seg Size Min,0.11018117722042188
Fwd Pkt Len Max,Active Max,0.11017423870338042
Subflow Bwd Byts,Fwd Act Data Pkts,0.11000856878435915
TotLen Bwd Pkts,Fwd Act Data Pkts,0.11000856878435915
Fwd Pkt Len Std,Active Std,0.10959641598386972
Fwd Pkts/s,Fwd Act Data Pkts,0.10952282982148194
Fwd Pkt Len Max,Fwd IAT Mean,0.1094489242952356
SYN Flag Cnt,Bwd Seg Size Avg,0.10926275811634328
Fwd PSH Flags,Bwd Seg Size Avg,0.10926275811634328
Bwd Pkt Len Mean,Fwd PSH Flags,0.10926275811634323
Bwd Pkt Len Mean,SYN Flag Cnt,0.10926275811634323
Flow IAT Std,Active Min,0.10898110832571317
Pkt Size Avg,Idle Std,0.10861454998848609
Fwd IAT Min,Fwd Seg Size Min,0.10847123867470503
Tot Fwd Pkts,Bwd IAT Max,0.10841500879301309
Bwd IAT Max,Subflow Fwd Pkts,0.10841500879301309
Bwd Pkt Len Min,Bwd IAT Mean,0.10839669875929173
Tot Bwd Pkts,Pkt Len Max,0.1083722863339977
Pkt Len Max,Subflow Bwd Pkts,0.1083722863339977
Fwd Pkt Len Std,Fwd Header Len,0.1083634059410571
Bwd Pkt Len Mean,Idle Std,0.10836043714126191
Bwd Seg Size Avg,Idle Std,0.10836043714126187
Pkt Len Mean,Init Fwd Win Byts,0.10810482274309205
Subflow Bwd Byts,Active Max,0.10807927994108944
TotLen Bwd Pkts,Active Max,0.10807927994108944
Dst Port,Flow Byts/s,0.10806840886313011
Fwd IAT Mean,Pkt Size Avg,0.10797972921006661
Tot Fwd Pkts,Fwd IAT Tot,0.10742140455007526
Fwd IAT Tot,Subflow Fwd Pkts,0.10742140455007526
Fwd Pkt Len Max,Bwd IAT Mean,0.10735871936653021
Fwd Header Len,Fwd Seg Size Min,0.10721452200301948
Fwd Pkt Len Min,Bwd IAT Mean,0.10709213503738413
Dst Port,Init Fwd Win Byts,0.10593277992144316
Bwd Pkt Len Std,Fwd Header Len,0.1058201828315533
Fwd IAT Mean,Fwd Seg Size Min,0.10571586582669251
Fwd Pkt Len Max,Bwd Header Len,0.10563777649024203
Fwd Header Len,Init Fwd Win Byts,0.105543789831312
Fwd Act Data Pkts,Idle Min,0.10514895693007938
Bwd IAT Mean,Pkt Len Mean,0.10514157462213242
Flow Pkts/s,Pkt Len Min,0.10497975995335862
Flow IAT Mean,Fwd Seg Size Min,0.10479489337895731
Flow IAT Min,Fwd Seg Size Min,0.10477571807036011
Bwd IAT Mean,Pkt Len Var,0.10470601565121437
Bwd Pkt Len Max,Subflow Bwd Pkts,0.10453624516905712
Tot Bwd Pkts,Bwd Pkt Len Max,0.10453624516905712
Fwd Seg Size Min,Idle Min,0.10450229081760312
Down/Up Ratio,Active Mean,0.10429167429421012
Pkt Len Std,SYN Flag Cnt,0.10424691138686432
Fwd PSH Flags,Pkt Len Std,0.10424691138686429
Bwd Pkt Len Min,Flow Pkts/s,0.10403499635260512
Pkt Len Std,Idle Std,0.10400653193262648
PSH Flag Cnt,Subflow Fwd Pkts,0.10384349297299421
Tot Fwd Pkts,PSH Flag Cnt,0.10384349297299421
Bwd IAT Std,Active Min,0.10380369134397888
Pkt Len Mean,Active Min,0.10361233210818907
Flow IAT Mean,Fwd Act Data Pkts,0.10309331971429261
Fwd Seg Size Min,Idle Mean,0.1030119493666604
Bwd Pkt Len Max,Fwd IAT Mean,0.10292980964192555
Fwd Pkt Len Max,Active Std,0.10279497499849904
Flow Duration,Active Min,0.10255940545212472
PSH Flag Cnt,Active Max,0.10247853955071488
Flow Duration,Bwd IAT Min,0.10187595999520557
Bwd Pkt Len Std,Subflow Fwd Pkts,0.10183940094639074
Tot Fwd Pkts,Bwd Pkt Len Std,0.10183940094639074
Dst Port,Bwd IAT Tot,0.10135676375127173
Fwd Pkt Len Std,Fwd IAT Mean,0.1012063474348139
Protocol,Fwd PSH Flags,0.10103080387925928
Protocol,SYN Flag Cnt,0.10103080387925928
Flow Pkts/s,Fwd PSH Flags,0.10101050622743665
Flow Pkts/s,SYN Flag Cnt,0.10101050622743665
Fwd Seg Size Min,Idle Max,0.10082609731422536
Fwd IAT Mean,Pkt Len Max,0.10076227942338482
Pkt Len Max,Down/Up Ratio,0.10041247135335635
Pkt Len Var,ECE Flag Cnt,0.10019895773727505
Pkt Len Var,RST Flag Cnt,0.10019538179549976
Bwd IAT Max,Subflow Bwd Pkts,0.09993411432124377
Tot Bwd Pkts,Bwd IAT Max,0.09993411432124377
Fwd IAT Tot,Down/Up Ratio,0.09983691938245344
Bwd Pkt Len Min,Flow IAT Min,0.09927171970542895
Fwd Pkt Len Std,Subflow Fwd Pkts,0.09917474163066718
Tot Fwd Pkts,Fwd Pkt Len Std,0.09917474163066718
Bwd IAT Max,Bwd Header Len,0.0991483084580808
Bwd Pkt Len Min,Fwd IAT Min,0.09911633786119534
Protocol,Fwd Pkts/s,0.09899971564066581
Tot Fwd Pkts,Active Std,0.09815103282911032
Subflow Fwd Pkts,Active Std,0.09815103282911032
Pkt Len Std,Subflow Bwd Byts,0.09795018931706834
TotLen Bwd Pkts,Pkt Len Std,0.09795018931706832
Down/Up Ratio,Fwd Seg Size Min,0.09766969189692165
Flow IAT Mean,Flow IAT Std,0.0973504139819616
Protocol,Bwd Pkts/s,0.09698699345842798
Down/Up Ratio,Active Min,0.09681558104908443
Dst Port,Flow IAT Max,0.09650547591355912
Fwd Pkt Len Max,SYN Flag Cnt,0.09641288178953074
Fwd Pkt Len Max,Fwd PSH Flags,0.09641288178953074
Pkt Size Avg,Active Min,0.09634281148958015
Fwd IAT Max,ACK Flag Cnt,0.0954154568289853
Bwd IAT Max,Fwd Header Len,0.09506991228149275
Bwd IAT Mean,Active Mean,0.0949916068499876
Tot Bwd Pkts,Active Mean,0.09492743931234517
Subflow Bwd Pkts,Active Mean,0.09492743931234517
Bwd Pkt Len Max,Down/Up Ratio,0.09479019199082327
Down/Up Ratio,Active Max,0.09467528749699915
Flow Duration,Bwd Header Len,0.09466358956967025
Bwd Header Len,Active Mean,0.09419341233783766
Init Bwd Win Byts,Fwd Act Data Pkts,0.09404203192584919
Fwd IAT Mean,Pkt Len Mean,0.09346918787978843
Fwd IAT Mean,Bwd IAT Min,0.09335052046606823
Pkt Len Max,Active Mean,0.09319151916360882
Flow Duration,Subflow Bwd Pkts,0.0929170418502736
Flow Duration,Tot Bwd Pkts,0.0929170418502736
Fwd IAT Mean,Bwd IAT Tot,0.0925670744689423
Fwd Pkt Len Min,Flow Pkts/s,0.0924423808535691
Fwd Pkts/s,Pkt Len Min,0.09233660269981578
Flow Duration,Fwd Header Len,0.09222629453153364
TotLen Bwd Pkts,Bwd IAT Tot,0.0922234583520025
Bwd IAT Tot,Subflow Bwd Byts,0.0922234583520025
Bwd IAT Tot,Active Min,0.09215052219945061
Dst Port,Pkt Len Var,0.09191739018333049
Bwd Pkt Len Max,Active Mean,0.09171169754855409
Dst Port,Fwd IAT Max,0.09145684215362714
Bwd Pkt Len Min,Fwd Pkts/s,0.09145479163089952
Flow IAT Max,ACK Flag Cnt,0.09136218232386535
Flow Duration,URG Flag Cnt,0.09126460807368186
Fwd Act Data Pkts,Active Mean,0.09090006287348969
Fwd IAT Mean,Pkt Len Min,0.09080185206077127
Flow Pkts/s,Init Fwd Win Byts,0.0907225471208726
PSH Flag Cnt,Active Std,0.0902429393402518
Bwd IAT Mean,Pkt Size Avg,0.09013269494241181
Fwd IAT Mean,Pkt Len Std,0.09004307729830516
Dst Port,FIN Flag Cnt,0.0899875614369107
Flow IAT Std,Fwd Seg Size Avg,0.0897949678648883
Fwd Pkt Len Mean,Flow IAT Std,0.08979496786488829
Bwd Pkts/s,Pkt Len Min,0.0897794626621779
Subflow Fwd Pkts,Active Mean,0.08970533063211422
Tot Fwd Pkts,Active Mean,0.08970533063211422
Dst Port,Bwd IAT Std,0.08967835565224519
Pkt Len Min,Idle Max,0.08937688031988937
Bwd Pkt Len Min,Bwd Pkts/s,0.08907296960840001
Fwd Pkt Len Min,Fwd IAT Mean,0.08898712367015467
Pkt Len Min,Idle Mean,0.0889678691030907
Fwd IAT Tot,URG Flag Cnt,0.08854608616115238
Bwd Pkt Len Std,Idle Std,0.08830238498055001
Fwd IAT Std,Active Min,0.0882376015297894
Fwd Pkt Len Mean,Bwd IAT Std,0.08791224855183505
Bwd IAT Std,Fwd Seg Size Avg,0.08791224855183503
Bwd Header Len,Active Std,0.0878248955805054
Fwd Pkt Len Min,Idle Max,0.08751420392060799
Fwd Pkt Len Min,Idle Mean,0.08710331578347338
Tot Bwd Pkts,Active Std,0.08690370818680247
Subflow Bwd Pkts,Active Std,0.08690370818680247
TotLen Bwd Pkts,Active Mean,0.08688947755475913
Subflow Bwd Byts,Active Mean,0.08688947755475913
Bwd Pkt Len Mean,Fwd IAT Mean,0.08679938300070607
Fwd IAT Mean,Bwd Seg Size Avg,0.08679938300070604
Fwd PSH Flags,Pkt Len Min,0.08663901818666961
Pkt Len Min,SYN Flag Cnt,0.08663901818666958
Pkt Len Min,Idle Min,0.08618547910208993
Fwd Header Len,Active Std,0.08602147014400285
Fwd Pkt Len Min,Fwd Pkts/s,0.08570121475613476
Bwd Pkt Len Mean,Active Min,0.08569253861280388
Bwd Seg Size Avg,Active Min,0.08569253861280388
Fwd IAT Tot,Fwd Header Len,0.08536379388165552
Pkt Len Max,Idle Std,0.08523163149081978
Dst Port,Bwd IAT Max,0.08510017930847341
Fwd IAT Tot,Bwd Header Len,0.08476729743064611
Bwd Pkt Len Max,Idle Std,0.08474620500437431
Bwd Pkts/s,PSH Flag Cnt,0.08442378451803839
Fwd Pkt Len Min,Idle Min,0.08437264437833275
Bwd IAT Max,Subflow Bwd Byts,0.08414042840387445
TotLen Bwd Pkts,Bwd IAT Max,0.08414042840387444
Bwd IAT Max,Fwd Seg Size Avg,0.08339286295822397
Fwd Pkt Len Mean,Bwd IAT Max,0.08339286295822396
Bwd Pkt Len Std,Active Mean,0.08338569734632795
Pkt Len Var,Subflow Bwd Byts,0.08313346288896896
TotLen Bwd Pkts,Pkt Len Var,0.08313346288896895
Protocol,Fwd Header Len,0.08295706309796179
Fwd IAT Tot,Subflow Bwd Pkts,0.08287350454195254
Tot Bwd Pkts,Fwd IAT Tot,0.08287350454195254
Fwd Pkt Len Max,Subflow Bwd Pkts,0.0826805155093441
Tot Bwd Pkts,Fwd Pkt Len Max,0.0826805155093441
Fwd IAT Max,Active Min,0.08261060127408584
Flow Byts/s,ACK Flag Cnt,0.08258179629491205
Fwd Header Len,Active Mean,0.08232157802785987
Flow Duration,Down/Up Ratio,0.08218499013688259
Dst Port,Flow IAT Std,0.08156473820903325
Flow IAT Mean,Pkt Len Min,0.08148601949871981
Protocol,Pkt Len Mean,0.08090761926110766
Bwd IAT Max,Down/Up Ratio,0.08088921132778579
TotLen Fwd Pkts,Pkt Len Mean,0.0806190125240326
Pkt Len Mean,Subflow Fwd Byts,0.0806190125240326
Flow IAT Max,Init Bwd Win Byts,0.0805479371922359
Flow IAT Max,URG Flag Cnt,0.08049958396596424
Flow Pkts/s,Init Bwd Win Byts,0.08021752011352606
Fwd Pkt Len Min,Flow IAT Mean,0.07992560318806761
Flow IAT Mean,Init Bwd Win Byts,0.07964178073960304
Flow Duration,Flow Pkts/s,0.07958637181875884
Dst Port,Fwd IAT Std,0.07955136823628878
PSH Flag Cnt,Down/Up Ratio,0.07952313784377499
Pkt Len Var,Init Fwd Win Byts,0.07925177406822259
Dst Port,Bwd IAT Mean,0.079244533300041
Pkt Len Var,URG Flag Cnt,0.07894573826743623
Fwd Seg Size Avg,Active Max,0.07870011913384416
Fwd Pkt Len Mean,Active Max,0.07870011913384416
Pkt Len Var,Active Mean,0.07869233809943502
Fwd IAT Mean,Init Bwd Win Byts,0.07860978529459016
Down/Up Ratio,Fwd Act Data Pkts,0.0786011954639065
Fwd IAT Mean,Fwd Act Data Pkts,0.07859487301845564
Flow Pkts/s,URG Flag Cnt,0.07857807013447449
Fwd IAT Tot,Bwd IAT Min,0.0783611568796513
Bwd Pkt Len Std,Fwd IAT Mean,0.07825491336496303
Bwd Pkt Len Min,SYN Flag Cnt,0.0782442293788308
Bwd Pkt Len Min,Fwd PSH Flags,0.0782442293788308
Tot Bwd Pkts,Active Min,0.07819859087752082
Subflow Bwd Pkts,Active Min,0.07819859087752082
Fwd IAT Mean,Bwd IAT Max,0.07785488055349583
Fwd IAT Min,Init Bwd Win Byts,0.07779770458378811
Fwd IAT Std,ACK Flag Cnt,0.07750771500669665
Bwd Header Len,Active Min,0.07739944992912373
Fwd Header Len,Pkt Len Min,0.07731840708472537
Fwd IAT Max,URG Flag Cnt,0.07730678418436324
Flow Duration,TotLen Bwd Pkts,0.07723535149564809
Flow Duration,Subflow Bwd Byts,0.07723535149564809
Fwd Pkt Len Std,Active Mean,0.07715325491012821
Flow Pkts/s,Fwd IAT Tot,0.0771387239749187
Fwd IAT Min,Bwd IAT Min,0.07695867840937651
Flow IAT Min,Init Bwd Win Byts,0.07673254204661425
Pkt Size Avg,Subflow Fwd Byts,0.07657593123288774
TotLen Fwd Pkts,Pkt Size Avg,0.07657593123288774
Fwd Pkt Len Min,Fwd Header Len,0.07558795126681497
Fwd IAT Min,Init Fwd Win Byts,0.07532752165249036
Tot Fwd Pkts,Idle Max,0.07527737651668454
Subflow Fwd Pkts,Idle Max,0.07527737651668454
Flow IAT Mean,Init Fwd Win Byts,0.07518040629255927
Pkt Len Std,Active Min,0.07504974630754993
Protocol,Active Max,0.07503076236873564
Fwd IAT Mean,Init Fwd Win Byts,0.07501267202877106
Bwd IAT Tot,URG Flag Cnt,0.07489360790640187
Fwd IAT Tot,Active Min,0.0746504885887186
TotLen Bwd Pkts,Active Std,0.0745694600462256
Subflow Bwd Byts,Active Std,0.0745694600462256
Pkt Len Var,Idle Std,0.07412898188016746
Tot Fwd Pkts,Idle Mean,0.07345375674201983
Subflow Fwd Pkts,Idle Mean,0.07345375674201983
Subflow Fwd Pkts,Init Fwd Win Byts,0.0733123232447206
Tot Fwd Pkts,Init Fwd Win Byts,0.0733123232447206
Protocol,Subflow Fwd Pkts,0.07297814110373145
Protocol,Tot Fwd Pkts,0.07297814110373145
Flow IAT Min,Init Fwd Win Byts,0.07287130384386464
Fwd Pkt Len Mean,Bwd IAT Tot,0.0727941606526104
Bwd IAT Tot,Fwd Seg Size Avg,0.0727941606526104
Init Bwd Win Byts,Idle Max,0.07266234289960814
Flow Duration,Init Bwd Win Byts,0.07264971097669672
TotLen Bwd Pkts,Active Min,0.07256364085240295
Subflow Bwd Byts,Active Min,0.07256364085240295
Fwd Header Len,Fwd Seg Size Avg,0.07253669754946283
Fwd Pkt Len Mean,Fwd Header Len,0.07253669754946283
Subflow Fwd Pkts,Fwd Seg Size Min,0.07248122346518046
Tot Fwd Pkts,Fwd Seg Size Min,0.07248122346518046
Init Bwd Win Byts,Idle Mean,0.07243603389480008
Flow Pkts/s,Flow IAT Max,0.0721300014603498
Idle Std,Idle Min,0.07196044440400115
PSH Flag Cnt,Active Mean,0.0719515656925198
Fwd IAT Max,Bwd IAT Min,0.07170404251765365
PSH Flag Cnt,Idle Max,0.07169946405785918
Fwd IAT Max,Init Bwd Win Byts,0.07165742837715981
Bwd IAT Mean,ACK Flag Cnt,0.0712229882391917
Init Bwd Win Byts,Idle Min,0.07098345830795297
Fwd IAT Max,Fwd Seg Size Min,0.07084276914457446
Bwd Header Len,PSH Flag Cnt,0.07077518285634496
Fwd Pkts/s,Init Bwd Win Byts,0.07053695782375528
Subflow Fwd Pkts,Active Min,0.07049927739159345
Tot Fwd Pkts,Active Min,0.07049927739159345
Fwd PSH Flags,Pkt Size Avg,0.07043212797386611
SYN Flag Cnt,Pkt Size Avg,0.07043212797386611
Pkt Size Avg,Fwd Seg Size Min,0.07039538738891754
SYN Flag Cnt,Fwd Act Data Pkts,0.07031821793654007
Fwd PSH Flags,Fwd Act Data Pkts,0.07031821793654007
Fwd Pkt Len Min,Bwd Pkts/s,0.07028909165057018
Subflow Bwd Pkts,Idle Max,0.07027140955749925
Tot Bwd Pkts,Idle Max,0.07027140955749925
Fwd PSH Flags,Pkt Len Mean,0.07009262946752041
Pkt Len Mean,SYN Flag Cnt,0.0700926294675204
SYN Flag Cnt,Init Bwd Win Byts,0.06983424782082527
Fwd PSH Flags,Init Bwd Win Byts,0.06983424782082527
Flow Duration,Bwd Pkts/s,0.06939941190337247
Subflow Fwd Pkts,Idle Min,0.0693517967636253
Tot Fwd Pkts,Idle Min,0.0693517967636253
Flow Duration,Fwd Pkts/s,0.06933196210918374
Fwd IAT Mean,Bwd IAT Std,0.06933160877214373
Fwd IAT Tot,Init Bwd Win Byts,0.06922601359663066
Flow Pkts/s,Fwd IAT Max,0.0691376110964111
Fwd Pkt Len Min,Fwd PSH Flags,0.06910659367088842
Fwd Pkt Len Min,SYN Flag Cnt,0.06910659367088842
Subflow Bwd Pkts,Idle Mean,0.06894035438409232
Tot Bwd Pkts,Idle Mean,0.06894035438409232
PSH Flag Cnt,Idle Mean,0.06885613475359732
Flow IAT Std,Fwd PSH Flags,0.06866629129417405
Flow IAT Std,SYN Flag Cnt,0.06866629129417405
Bwd Pkts/s,Init Bwd Win Byts,0.0686417953922052
Bwd Header Len,Idle Max,0.06856050115733371
Fwd Pkt Len Max,Active Mean,0.06829016358423443
Bwd IAT Std,URG Flag Cnt,0.06815766461268725
Fwd Pkt Len Std,SYN Flag Cnt,0.06785618280746852
Fwd Pkt Len Std,Fwd PSH Flags,0.06785618280746852
Bwd Pkt Len Min,Pkt Size Avg,0.06778995026945557
Fwd IAT Std,Fwd PSH Flags,0.06759511710217621
Fwd IAT Std,SYN Flag Cnt,0.06759511710217621
Flow IAT Max,Fwd Seg Size Min,0.06753573495921683
Bwd Pkt Len Min,Active Max,0.06745026886841408
Pkt Len Var,Fwd Seg Size Min,0.06729350249356696
Fwd IAT Tot,Bwd Pkts/s,0.06726518763032754
Bwd Header Len,Idle Mean,0.06725757881406233
Fwd IAT Tot,Fwd Pkts/s,0.06719962072928128
Fwd IAT Tot,Subflow Bwd Byts,0.06711217383176349
TotLen Bwd Pkts,Fwd IAT Tot,0.06711217383176349
Fwd Pkt Len Min,Pkt Size Avg,0.06691292845303133
Pkt Len Min,Subflow Fwd Pkts,0.06674656101383103
Tot Fwd Pkts,Pkt Len Min,0.06674656101383103
ECE Flag Cnt,Fwd Act Data Pkts,0.06665235380360142
RST Flag Cnt,Fwd Act Data Pkts,0.06664712868137374
Flow IAT Min,Pkt Len Min,0.06644466002330895
Fwd IAT Min,Pkt Len Min,0.0663291265274977
Bwd Seg Size Avg,Init Fwd Win Byts,0.06632091583584289
Bwd Pkt Len Mean,Init Fwd Win Byts,0.06632091583584289
Fwd Act Data Pkts,Idle Std,0.06621613754818367
Fwd IAT Tot,Fwd Seg Size Min,0.06589701245479898
Tot Bwd Pkts,Idle Min,0.06566807882520358
Subflow Bwd Pkts,Idle Min,0.06566807882520358
Fwd Header Len,Active Min,0.06565920430923096
Protocol,Fwd Seg Size Avg,0.06555875419025457
Protocol,Fwd Pkt Len Mean,0.06555875419025457
Fwd Pkt Len Mean,Subflow Fwd Pkts,0.06547228445131638
Tot Fwd Pkts,Fwd Seg Size Avg,0.06547228445131638
Fwd Seg Size Avg,Subflow Fwd Pkts,0.06547228445131638
Tot Fwd Pkts,Fwd Pkt Len Mean,0.06547228445131638
Pkt Size Avg,Init Fwd Win Byts,0.06544729948469964
Dst Port,Fwd IAT Mean,0.0654182467955034
Fwd Pkt Len Min,Flow IAT Min,0.06530239376451528
Tot Fwd Pkts,Fwd Pkt Len Min,0.0652292209271226
Fwd Pkt Len Min,Subflow Fwd Pkts,0.0652292209271226
Fwd Pkt Len Min,Fwd IAT Min,0.06521189525387198
Flow Pkts/s,Pkt Len Var,0.06504821760974971
Fwd Pkt Len Std,Bwd Header Len,0.06479549421902912
Protocol,Active Std,0.06460070214741379
Bwd IAT Max,URG Flag Cnt,0.06444702968897445
Pkt Len Min,Active Max,0.06441722766821345
Dst Port,Idle Mean,0.06427911780987154
Bwd Header Len,Idle Min,0.06393998176349147
Flow Duration,Fwd Seg Size Min,0.06372306005042273
Dst Port,Idle Min,0.06335790273738684
PSH Flag Cnt,Idle Min,0.06318471145892987
Bwd Pkt Len Max,Subflow Bwd Byts,0.06314472862136923
TotLen Bwd Pkts,Bwd Pkt Len Max,0.06314472862136923
Fwd Pkt Len Min,Active Max,0.06306588513113066
FIN Flag Cnt,PSH Flag Cnt,0.06305032765432718
Fwd Pkts/s,FIN Flag Cnt,0.06300960130641992
Dst Port,Idle Max,0.063002293235595
Fwd Pkt Len Mean,Active Mean,0.0629704406939377
Fwd Seg Size Avg,Active Mean,0.0629704406939377
Flow IAT Max,Bwd Pkts/s,0.06289761505758759
Bwd Pkt Len Min,Fwd Header Len,0.06288618600620297
Flow IAT Max,Fwd Pkts/s,0.06283623381288073
Fwd PSH Flags,Fwd Seg Size Avg,0.06272719924205163
SYN Flag Cnt,Fwd Seg Size Avg,0.06272719924205163
Fwd Pkt Len Mean,Fwd PSH Flags,0.0627271992420516
Fwd Pkt Len Mean,SYN Flag Cnt,0.0627271992420516
Pkt Len Max,Active Min,0.062471589293220206
Bwd IAT Mean,Active Min,0.06239288893365285
Flow Pkts/s,Bwd IAT Tot,0.06234517550286366
Bwd Header Len,Subflow Fwd Byts,0.06211424565012157
TotLen Fwd Pkts,Bwd Header Len,0.06211424565012156
Fwd Act Data Pkts,Active Min,0.061998848740809964
Pkt Len Max,Subflow Bwd Byts,0.06196375570152058
TotLen Bwd Pkts,Pkt Len Max,0.06196375570152058
Subflow Bwd Byts,Idle Max,0.061679573987218114
TotLen Bwd Pkts,Idle Max,0.061679573987218114
Bwd Pkt Len Max,Active Min,0.06157627197771073
Fwd Pkt Len Mean,Active Std,0.06156118956872777
Fwd Seg Size Avg,Active Std,0.06156118956872777
Fwd IAT Min,Pkt Len Var,0.06154956262379049
Bwd Pkt Len Std,Bwd Header Len,0.06145487986242381
URG Flag Cnt,Idle Mean,0.06128489353955863
Pkt Len Min,Pkt Size Avg,0.06102596340820097
Flow IAT Std,URG Flag Cnt,0.060889079371119245
URG Flag Cnt,Idle Min,0.06087154582856747
Fwd Header Len,Idle Max,0.06074027142428639
TotLen Bwd Pkts,Idle Mean,0.06065487125353216
Subflow Bwd Byts,Idle Mean,0.06065487125353216
Fwd IAT Std,URG Flag Cnt,0.06052238158711584
Flow IAT Min,Pkt Len Var,0.06044234748486035
Fwd IAT Max,Bwd Pkts/s,0.060288460667744764
Fwd IAT Max,Fwd Pkts/s,0.06022929488685052
Fwd IAT Mean,URG Flag Cnt,0.060068064724433295
URG Flag Cnt,Idle Max,0.0599217864412353
Fwd Pkt Len Mean,Down/Up Ratio,0.059734040881429015
Down/Up Ratio,Fwd Seg Size Avg,0.059734040881429015
RST Flag Cnt,URG Flag Cnt,0.059619371168075766
URG Flag Cnt,ECE Flag Cnt,0.05961842236028576
ACK Flag Cnt,Idle Max,0.059316963752753644
Fwd Header Len,Idle Mean,0.059225421431940484
Fwd Pkt Len Mean,FIN Flag Cnt,0.05879717583914961
FIN Flag Cnt,Fwd Seg Size Avg,0.05879717583914961
Bwd IAT Mean,URG Flag Cnt,0.05863629163752308
ACK Flag Cnt,Idle Mean,0.05858945400158166
TotLen Bwd Pkts,Idle Min,0.05801595006570666
Subflow Bwd Byts,Idle Min,0.05801595006570666
Dst Port,Flow IAT Mean,0.05777518005802846
Fwd Pkt Len Std,Active Min,0.05776712230711484
Flow IAT Min,Bwd IAT Tot,0.057520126013749756
Fwd Pkts/s,Pkt Len Var,0.056703016757994724
Bwd Pkts/s,Pkt Len Var,0.05665021073107655
ACK Flag Cnt,Idle Min,0.056617699608485554
Flow Pkts/s,Bwd IAT Std,0.05652391703210034
Flow Duration,RST Flag Cnt,0.056454457228991305
Flow Duration,ECE Flag Cnt,0.05645337041620663
Pkt Len Min,Active Std,0.056163844984916556
PSH Flag Cnt,Active Min,0.055864511414378544
Fwd IAT Tot,RST Flag Cnt,0.055752395246976116
Fwd IAT Tot,ECE Flag Cnt,0.05575138243698075
Fwd Header Len,Idle Min,0.055750620974695214
Flow Pkts/s,Flow IAT Std,0.055452318499615176
Fwd Pkt Len Min,Active Std,0.055067454146771284
Bwd Pkt Len Min,Active Std,0.054987664829464156
Tot Bwd Pkts,Subflow Fwd Byts,0.05475163004917907
Tot Bwd Pkts,TotLen Fwd Pkts,0.05475163004917907
TotLen Fwd Pkts,Subflow Bwd Pkts,0.054751630049179066
Subflow Fwd Byts,Subflow Bwd Pkts,0.054751630049179066
Flow Byts/s,PSH Flag Cnt,0.05472074230691166
URG Flag Cnt,Init Bwd Win Byts,0.054644331246147614
Bwd IAT Tot,Bwd Pkts/s,0.054364700006082185
Flow IAT Mean,URG Flag Cnt,0.05433302050304242
Bwd IAT Tot,Fwd Pkts/s,0.05431241450620058
Protocol,Active Mean,0.05426450481505689
Flow Pkts/s,Fwd IAT Mean,0.05413075752162879
Flow Pkts/s,Bwd IAT Max,0.054109666371187526
Flow Pkts/s,Idle Max,0.05343615620658584
FIN Flag Cnt,Pkt Size Avg,0.053409112817086275
Flow Pkts/s,Fwd IAT Std,0.0533538939641835
Bwd Pkt Len Std,Active Min,0.05321829777676177
Flow Pkts/s,Idle Mean,0.05313687261270366
Pkt Len Max,FIN Flag Cnt,0.053012815786116545
Flow IAT Mean,Bwd IAT Min,0.05299900450825061
Bwd Pkt Len Max,FIN Flag Cnt,0.05294659841546254
Fwd Seg Size Avg,Fwd Seg Size Min,0.052882174980967867
Fwd Pkt Len Mean,Fwd Seg Size Min,0.052882174980967867
Tot Bwd Pkts,PSH Flag Cnt,0.052809309190706005
PSH Flag Cnt,Subflow Bwd Pkts,0.052809309190706
TotLen Fwd Pkts,Subflow Fwd Pkts,0.05277585757228324
Tot Fwd Pkts,TotLen Fwd Pkts,0.05277585757228324
Tot Fwd Pkts,Subflow Fwd Byts,0.05277585757228324
Subflow Fwd Pkts,Subflow Fwd Byts,0.05277585757228324
Bwd Header Len,Fwd Seg Size Min,0.05229925904181394
Pkt Len Var,Active Min,0.052255360531178116
Flow IAT Min,Bwd IAT Std,0.05216477242326459
Bwd Pkt Len Max,Subflow Fwd Byts,0.05191560360042666
TotLen Fwd Pkts,Bwd Pkt Len Max,0.05191560360042666
Flow Pkts/s,Idle Min,0.05175307871594116
Fwd Pkt Len Mean,Active Min,0.05155233231562875
Fwd Seg Size Avg,Active Min,0.05155233231562875
Tot Fwd Pkts,Bwd Pkt Len Min,0.05154122298130992
Bwd Pkt Len Min,Subflow Fwd Pkts,0.0515412229813099
Tot Fwd Pkts,Flow IAT Max,0.0514911608157228
Flow IAT Max,Subflow Fwd Pkts,0.0514911608157228
Flow Pkts/s,Bwd IAT Mean,0.05092755316337739
Pkt Len Std,FIN Flag Cnt,0.05074336365006455
Flow IAT Mean,Bwd IAT Mean,0.05058333960202382
Flow IAT Max,Subflow Bwd Pkts,0.05047393949104961
Tot Bwd Pkts,Flow IAT Max,0.05047393949104961
Flow IAT Max,Init Fwd Win Byts,0.05045942688234925
Bwd Pkt Len Min,Active Mean,0.05011870166074949
Flow IAT Max,RST Flag Cnt,0.05009352056404303
Flow IAT Max,ECE Flag Cnt,0.05009328475669213
Fwd IAT Min,Bwd IAT Std,0.05008813467901879
Bwd Header Len,Init Fwd Win Byts,0.04995720106758362
RST Flag Cnt,Idle Mean,0.04994202193519893
ECE Flag Cnt,Idle Mean,0.04994099697788392
Flow IAT Min,Bwd IAT Max,0.04992608095335008
Down/Up Ratio,Init Fwd Win Byts,0.04984054247941903
Fwd Pkt Len Max,Active Min,0.049824998562590615
ACK Flag Cnt,Active Max,0.04970170813222982
Flow Pkts/s,Flow IAT Mean,0.04967573904692548
Fwd IAT Max,Init Fwd Win Byts,0.0496284592734154
Flow IAT Std,Flow IAT Min,0.04959124665951801
RST Flag Cnt,Idle Max,0.04950788097809754
ECE Flag Cnt,Idle Max,0.04950684001946749
Flow Pkts/s,RST Flag Cnt,0.04943571960853117
Flow Pkts/s,ECE Flag Cnt,0.04943493262073053
Fwd IAT Mean,ECE Flag Cnt,0.049312981305194396
Fwd IAT Mean,RST Flag Cnt,0.049312108758919365
Bwd IAT Std,Bwd Pkts/s,0.04928894588235851
Flow IAT Std,ACK Flag Cnt,0.04927552164882716
Bwd IAT Std,Fwd Pkts/s,0.049241008180840554
RST Flag Cnt,Idle Min,0.04920459187914984
ECE Flag Cnt,Idle Min,0.04920360166541491
Fwd Pkt Len Std,Subflow Bwd Pkts,0.04912968971247574
Tot Bwd Pkts,Fwd Pkt Len Std,0.04912968971247574
Tot Bwd Pkts,Bwd Pkt Len Std,0.04900534161636445
Bwd Pkt Len Std,Subflow Bwd Pkts,0.04900534161636445
Fwd Header Len,ACK Flag Cnt,0.04899961264817411
Fwd Pkt Len Mean,Bwd Pkt Len Min,0.04898693130712632
Bwd Pkt Len Min,Fwd Seg Size Avg,0.048986931307126294
Pkt Len Mean,FIN Flag Cnt,0.048721474820407035
PSH Flag Cnt,Idle Std,0.04865029017312573
Dst Port,Fwd IAT Min,0.048592984748243896
Fwd Pkts/s,PSH Flag Cnt,0.048578020207532664
Fwd Header Len,Subflow Fwd Byts,0.04853058617123619
TotLen Fwd Pkts,Fwd Header Len,0.048530586171236186
Protocol,Bwd Header Len,0.048380916754049055
Flow IAT Std,Bwd Pkts/s,0.04835478957536387
Flow IAT Std,Fwd Pkts/s,0.04830734145439883
Flow IAT Mean,ECE Flag Cnt,0.04828025184156153
Flow IAT Mean,RST Flag Cnt,0.04827923088246071
Bwd Pkt Len Max,Flow Byts/s,0.04810274130678849
Flow IAT Min,Fwd IAT Std,0.04799209616123919
Fwd Pkt Len Std,Fwd IAT Max,0.04791859848329305
Pkt Len Var,SYN Flag Cnt,0.0478866839403722
Fwd PSH Flags,Pkt Len Var,0.04788668394037219
Flow IAT Max,Subflow Bwd Byts,0.047662625294061865
TotLen Bwd Pkts,Flow IAT Max,0.047662625294061844
Fwd Pkt Len Max,FIN Flag Cnt,0.04763408550204137
Fwd IAT Std,Fwd IAT Min,0.04760784990213117
Fwd IAT Min,URG Flag Cnt,0.047472271728401204
Pkt Len Std,Down/Up Ratio,0.04735317554206107
Flow IAT Max,Bwd Header Len,0.047320485430445994
Fwd IAT Mean,Bwd Pkts/s,0.04720277187804285
Protocol,Bwd Seg Size Avg,0.04719687218895184
Protocol,Bwd Pkt Len Mean,0.04719687218895183
Bwd IAT Max,Bwd Pkts/s,0.04718304673770812
Fwd IAT Mean,Fwd Pkts/s,0.04715586584218859
Bwd IAT Max,Fwd Pkts/s,0.04713816022676964
Dst Port,Flow IAT Min,0.04711481969376457
Flow IAT Min,Bwd IAT Mean,0.04695185375904278
Bwd Pkts/s,Idle Max,0.046596491641803316
Fwd Pkts/s,Idle Max,0.04655105539457058
Fwd IAT Std,Bwd Pkts/s,0.046524901690071445
Flow IAT Min,URG Flag Cnt,0.046504700149973786
Fwd IAT Std,Fwd Pkts/s,0.04647932079787649
Bwd Pkt Len Std,FIN Flag Cnt,0.04638285985523049
Bwd Pkts/s,Idle Mean,0.04633552036177045
Fwd Pkts/s,Idle Mean,0.04629033119429654
Fwd Pkt Len Max,Idle Max,0.04628368254645209
Fwd IAT Max,RST Flag Cnt,0.0459633638827705
Fwd IAT Max,ECE Flag Cnt,0.045963189296849234
Fwd IAT Min,ECE Flag Cnt,0.04595068268964685
Fwd IAT Min,RST Flag Cnt,0.04594947767117156
Fwd Pkt Len Std,Idle Max,0.04594428330515495
Fwd Pkt Len Std,FIN Flag Cnt,0.045672171920738656
Flow IAT Min,ECE Flag Cnt,0.04562318473647213
Flow IAT Min,RST Flag Cnt,0.04562194242670218
Pkt Len Min,Active Mean,0.04546661241261474
Bwd Pkt Len Mean,FIN Flag Cnt,0.045335630601632454
FIN Flag Cnt,Bwd Seg Size Avg,0.045335630601632454
Bwd Pkts/s,Idle Min,0.04512885334742666
Tot Fwd Pkts,Bwd IAT Std,0.04511816684847828
Bwd IAT Std,Subflow Fwd Pkts,0.04511816684847828
Bwd Header Len,Pkt Len Min,0.04510579838746304
Fwd Pkts/s,Idle Min,0.045084832557812274
Fwd IAT Max,Fwd Act Data Pkts,0.04474915022481074
Flow Pkts/s,FIN Flag Cnt,0.04454874511374708
Fwd Pkt Len Min,Active Mean,0.04445958623712337
Bwd IAT Mean,Bwd Pkts/s,0.044409034704891645
FIN Flag Cnt,Init Fwd Win Byts,0.0443813431278556
Bwd IAT Mean,Fwd Pkts/s,0.044365652567516366
ACK Flag Cnt,Active Std,0.04421963106707165
Fwd Pkt Len Min,Bwd Header Len,0.04417070658168946
Fwd Pkt Len Std,Flow IAT Max,0.04413816482890009
Flow IAT Mean,Pkt Len Var,0.04409867663261169
Fwd Pkt Len Max,Idle Mean,0.043994570565415156
Fwd Pkt Len Std,Idle Mean,0.04364046778455346
Dst Port,Fwd Header Len,0.04359462474648993
Flow IAT Mean,Bwd Pkts/s,0.04331790405276381
Flow IAT Mean,Fwd Pkts/s,0.043274903281570236
Fwd IAT Min,Bwd IAT Tot,0.04321962144295967
Bwd Pkts/s,RST Flag Cnt,0.04310554971654312
Bwd Pkts/s,ECE Flag Cnt,0.0431048633928728
Fwd Pkts/s,RST Flag Cnt,0.043067340765179936
Fwd Pkts/s,ECE Flag Cnt,0.04306665521259098
Down/Up Ratio,Active Std,0.04306308662876226
Flow Pkts/s,Fwd IAT Min,0.0429688333797138
Flow IAT Mean,Fwd IAT Std,0.042578439666513486
Pkt Len Min,Pkt Len Mean,0.042545370975039416
SYN Flag Cnt,RST Flag Cnt,0.04228756379599124
Fwd PSH Flags,RST Flag Cnt,0.04228756379599124
Fwd PSH Flags,ECE Flag Cnt,0.04228689081388507
SYN Flag Cnt,ECE Flag Cnt,0.04228689081388507
Protocol,Active Min,0.04222528267209786
Flow Pkts/s,Flow IAT Min,0.04213012257937614
Down/Up Ratio,Idle Std,0.04206833502124969
ACK Flag Cnt,Subflow Fwd Pkts,0.041774367226150466
Tot Fwd Pkts,ACK Flag Cnt,0.041774367226150466
Flow Byts/s,Pkt Len Max,0.04156497110962915
Bwd Pkt Len Std,Flow Byts/s,0.04120875710945823
Fwd IAT Std,Subflow Fwd Pkts,0.04034104102123634
Tot Fwd Pkts,Fwd IAT Std,0.04034104102123634
Tot Fwd Pkts,Fwd IAT Max,0.04023423721439608
Fwd IAT Max,Subflow Fwd Pkts,0.04023423721439608
Bwd Pkt Len Min,Active Min,0.04019232519493255
Bwd Pkt Len Std,Subflow Fwd Byts,0.03992842985017976
TotLen Fwd Pkts,Bwd Pkt Len Std,0.039928429850179754
Fwd Pkts/s,URG Flag Cnt,0.03986846538341497
Bwd Header Len,Fwd Seg Size Avg,0.03978178545012464
Fwd Pkt Len Mean,Bwd Header Len,0.039781785450124625
Dst Port,Init Bwd Win Byts,0.0395936198575334
FIN Flag Cnt,Fwd Act Data Pkts,0.03946866827522097
Dst Port,Tot Fwd Pkts,0.03946537881619516
Dst Port,Subflow Fwd Pkts,0.03946537881619516
PSH Flag Cnt,Subflow Fwd Byts,0.038984515168838094
TotLen Fwd Pkts,PSH Flag Cnt,0.038984515168838094
Flow IAT Max,Fwd Header Len,0.038961678286619984
Flow Duration,Init Fwd Win Byts,0.03887072015769801
Dst Port,ECE Flag Cnt,0.03874746002570078
Dst Port,RST Flag Cnt,0.03873732459310385
Fwd IAT Tot,Init Fwd Win Byts,0.03865189452095036
Fwd Pkt Len Std,Idle Min,0.03862417078535528
Fwd Pkt Len Max,Idle Min,0.038604086373257
Bwd IAT Std,Down/Up Ratio,0.03829428406704115
Flow Byts/s,Init Fwd Win Byts,0.037945013280210466
Dst Port,Active Std,0.037797085393640135
Fwd IAT Min,Bwd Pkts/s,0.03746950189538622
Fwd IAT Min,Fwd Pkts/s,0.03743214375977102
Fwd Pkt Len Max,Idle Std,0.03720546767431493
Fwd Pkt Len Min,Bwd Pkt Len Mean,0.036979596334287414
Fwd Pkt Len Min,Bwd Seg Size Avg,0.03697959633428741
Flow IAT Min,Bwd Pkts/s,0.03673807437041605
Protocol,Tot Bwd Pkts,0.03672661558861638
Protocol,Subflow Bwd Pkts,0.03672661558861638
Flow IAT Min,Fwd Pkts/s,0.03670153315775889
Fwd Pkt Len Std,Idle Std,0.036662996125826394
Tot Fwd Pkts,Idle Std,0.03640867266468124
Subflow Fwd Pkts,Idle Std,0.03640867266468124
Flow IAT Max,Fwd Act Data Pkts,0.03635723373779591
Pkt Len Min,Bwd Seg Size Avg,0.03631636836038665
Bwd Pkt Len Mean,Pkt Len Min,0.036316368360386646
SYN Flag Cnt,Subflow Bwd Byts,0.03627671716128607
Fwd PSH Flags,Subflow Bwd Byts,0.03627671716128607
TotLen Bwd Pkts,Fwd PSH Flags,0.03627671716128606
TotLen Bwd Pkts,SYN Flag Cnt,0.03627671716128606
ACK Flag Cnt,Active Mean,0.036210194419543394
Flow Pkts/s,Down/Up Ratio,0.0361552265255559
Fwd IAT Std,Down/Up Ratio,0.036135747633127886
Bwd Pkt Len Min,Idle Std,0.03612571493143228
Flow Byts/s,Bwd Seg Size Avg,0.03604247232485659
Bwd Pkt Len Mean,Flow Byts/s,0.036042472324856585
Flow IAT Std,Init Bwd Win Byts,0.035947146140028655
Protocol,Idle Std,0.03581295886449424
Protocol,FIN Flag Cnt,0.03573218669418703
Bwd Pkt Len Mean,Fwd Seg Size Min,0.03532355235298317
Bwd Seg Size Avg,Fwd Seg Size Min,0.035323552352983165
Fwd Pkt Len Min,Pkt Len Mean,0.0353223407120684
Fwd Header Len,URG Flag Cnt,0.03531169700603982
Pkt Len Min,Active Min,0.035089679197570854
Fwd Pkts/s,Init Fwd Win Byts,0.034993503818422936
Fwd PSH Flags,Idle Max,0.0349102405425323
SYN Flag Cnt,Idle Max,0.0349102405425323
Bwd IAT Min,SYN Flag Cnt,0.03490317199924885
Bwd IAT Min,Fwd PSH Flags,0.03490317199924885
Bwd IAT Tot,RST Flag Cnt,0.034789161368948905
Bwd IAT Tot,ECE Flag Cnt,0.034787618388137626
SYN Flag Cnt,Idle Mean,0.034738340871537356
Fwd PSH Flags,Idle Mean,0.034738340871537356
Bwd IAT Tot,Init Bwd Win Byts,0.0346192491358154
Tot Bwd Pkts,Pkt Len Min,0.03437848649052484
Pkt Len Min,Subflow Bwd Pkts,0.034378486490524836
URG Flag Cnt,Subflow Fwd Pkts,0.034306442789678294
Tot Fwd Pkts,URG Flag Cnt,0.034306442789678294
Fwd Pkt Len Min,Active Min,0.034280515710560636
Fwd IAT Std,Bwd IAT Min,0.034202155302116705
Active Std,Active Min,0.03418109287058028
Flow Byts/s,Pkt Len Std,0.034091203590610276
Flow IAT Min,SYN Flag Cnt,0.033698464373899055
Flow IAT Min,Fwd PSH Flags,0.033698464373899055
Flow Byts/s,Fwd Act Data Pkts,0.033694216436254976
Fwd Pkt Len Min,Subflow Bwd Pkts,0.03367412416130008
Tot Bwd Pkts,Fwd Pkt Len Min,0.03367412416130008
Fwd Pkt Len Min,Fwd Seg Size Avg,0.03352636225239951
Fwd Pkt Len Min,Fwd Pkt Len Mean,0.03352636225239951
SYN Flag Cnt,URG Flag Cnt,0.03344523285215448
Fwd PSH Flags,URG Flag Cnt,0.03344523285215448
Fwd PSH Flags,Idle Min,0.033423415349856746
SYN Flag Cnt,Idle Min,0.033423415349856746
Fwd Pkt Len Max,Flow Byts/s,0.03331440767682162
Bwd IAT Std,Fwd Header Len,0.033284376369483185
Pkt Len Min,FIN Flag Cnt,0.0332512166718517
Bwd Pkt Len Min,Pkt Len Mean,0.0326830569000976
Bwd Seg Size Avg,Subflow Fwd Byts,0.032605988364925696
TotLen Fwd Pkts,Bwd Seg Size Avg,0.032605988364925696
TotLen Fwd Pkts,Bwd Pkt Len Mean,0.03260598836492569
Bwd Pkt Len Mean,Subflow Fwd Byts,0.03260598836492569
Bwd Pkt Len Min,FIN Flag Cnt,0.032604932263104194
Fwd Pkt Len Min,FIN Flag Cnt,0.03260379583348402
Init Bwd Win Byts,Fwd Seg Size Min,0.03203418537333044
FIN Flag Cnt,ACK Flag Cnt,0.03183975088801418
Tot Bwd Pkts,Fwd IAT Max,0.031733895191724974
Fwd IAT Max,Subflow Bwd Pkts,0.03173389519172497
Subflow Bwd Pkts,Fwd Seg Size Min,0.03172240981747322
Tot Bwd Pkts,Fwd Seg Size Min,0.03172240981747322
Fwd Header Len,Down/Up Ratio,0.03168066470142765
Fwd Pkt Len Mean,Idle Std,0.03165134631603265
Fwd Seg Size Avg,Idle Std,0.03165134631603265
Bwd IAT Mean,Fwd Seg Size Avg,0.031418369930135026
Fwd Pkt Len Mean,Bwd IAT Mean,0.031418369930135026
Fwd IAT Min,SYN Flag Cnt,0.031346590433051165
Fwd IAT Min,Fwd PSH Flags,0.031346590433051165
Fwd Pkt Len Max,Subflow Bwd Byts,0.030802683852962445
TotLen Bwd Pkts,Fwd Pkt Len Max,0.030802683852962438
Subflow Bwd Pkts,Idle Std,0.030587694183163615
Tot Bwd Pkts,Idle Std,0.030587694183163615
Subflow Fwd Byts,Init Fwd Win Byts,0.030504175384800332
TotLen Fwd Pkts,Init Fwd Win Byts,0.030504175384800332
Bwd Pkt Len Min,Bwd Header Len,0.030503086045496706
SYN Flag Cnt,Subflow Bwd Pkts,0.030256823201864375
Tot Bwd Pkts,Fwd PSH Flags,0.030256823201864375
Fwd PSH Flags,Subflow Bwd Pkts,0.030256823201864375
Tot Bwd Pkts,SYN Flag Cnt,0.030256823201864375
Fwd Header Len,Idle Std,0.03022173137281034
Dst Port,Bwd Header Len,0.03017400845764434
Bwd Header Len,Idle Std,0.030092891761659045
Bwd IAT Min,Idle Std,0.030090667205181647
Fwd IAT Min,Bwd IAT Max,0.02969236738625145
Tot Fwd Pkts,Down/Up Ratio,0.029482329594492776
Down/Up Ratio,Subflow Fwd Pkts,0.029482329594492776
Dst Port,Active Max,0.029435565968483318
Subflow Bwd Pkts,Init Fwd Win Byts,0.02928026438823602
Tot Bwd Pkts,Init Fwd Win Byts,0.02928026438823602
Flow Duration,ACK Flag Cnt,0.029109923215921815
Flow Pkts/s,Active Max,0.02890614572044309
Tot Fwd Pkts,Flow IAT Std,0.028806353362162737
Flow IAT Std,Subflow Fwd Pkts,0.028806353362162734
Fwd IAT Max,Bwd Header Len,0.028799093177194833
Fwd IAT Max,Subflow Bwd Byts,0.028594957620183426
TotLen Bwd Pkts,Fwd IAT Max,0.028594957620183426
Fwd IAT Std,Fwd Header Len,0.028581738021871382
ACK Flag Cnt,Active Min,0.028437005103543505
URG Flag Cnt,Active Std,0.028151160046144368
ECE Flag Cnt,Active Min,0.02809730395827329
RST Flag Cnt,Active Min,0.028096332362644676
Bwd IAT Tot,Down/Up Ratio,0.02809100144885225
Bwd Pkt Len Max,Bwd IAT Min,0.028006855453697986
Dst Port,Fwd Seg Size Min,0.0279636554085274
Tot Bwd Pkts,Fwd Seg Size Avg,0.02771117404893277
Tot Bwd Pkts,Fwd Pkt Len Mean,0.02771117404893277
Fwd Seg Size Avg,Subflow Bwd Pkts,0.027711174048932766
Fwd Pkt Len Mean,Subflow Bwd Pkts,0.027711174048932766
Flow IAT Std,RST Flag Cnt,0.02770178386344126
Flow IAT Std,ECE Flag Cnt,0.027700365155473645
Bwd Header Len,SYN Flag Cnt,0.027423739502244287
Fwd PSH Flags,Bwd Header Len,0.02742373950224428
Bwd IAT Min,Pkt Len Max,0.02741536052532957
Tot Fwd Pkts,SYN Flag Cnt,0.02723389785414942
SYN Flag Cnt,Subflow Fwd Pkts,0.02723389785414942
Tot Fwd Pkts,Fwd PSH Flags,0.02723389785414942
Fwd PSH Flags,Subflow Fwd Pkts,0.02723389785414942
Flow Byts/s,Init Bwd Win Byts,0.027219200779520517
Down/Up Ratio,Idle Min,0.027195802163921565
Bwd Header Len,ACK Flag Cnt,0.027038409018656763
Fwd Pkt Len Max,Fwd IAT Max,0.02699189767471351
Bwd Pkt Len Min,Bwd Pkt Len Mean,0.026949792446394158
Bwd Pkt Len Min,Bwd Seg Size Avg,0.026949792446394137
Dst Port,Bwd Pkts/s,0.026857342235562996
Tot Fwd Pkts,Flow Pkts/s,0.02685459398925647
Flow Pkts/s,Subflow Fwd Pkts,0.026854593989256468
Fwd IAT Min,Fwd Header Len,0.026841490130056975
Flow Pkts/s,Fwd Header Len,0.02683189212022253
Pkt Len Min,Idle Std,0.02682511870501263
Flow Duration,Flow Byts/s,0.0265086496903581
Flow IAT Min,Fwd Header Len,0.02648629681100437
Protocol,Bwd IAT Min,0.026412930796575307
URG Flag Cnt,Active Max,0.02639097466529872
Fwd IAT Tot,ACK Flag Cnt,0.026355753503499644
Fwd Pkt Len Min,Idle Std,0.02634287287674675
Bwd IAT Min,Pkt Size Avg,0.0261539477426049
Fwd IAT Max,Fwd Header Len,0.026106016699033105
Flow IAT Std,Down/Up Ratio,0.025762416451792267
Flow Byts/s,Fwd IAT Tot,0.025699933505378348
Bwd IAT Min,Pkt Len Std,0.025637013710296076
Init Bwd Win Byts,Active Min,0.025621883309573663
Subflow Bwd Byts,Idle Std,0.02539052586147416
TotLen Bwd Pkts,Idle Std,0.02539052586147416
Bwd Pkts/s,Active Max,0.0252055757013205
Bwd IAT Min,Bwd Seg Size Avg,0.025183250968025147
Bwd Pkt Len Mean,Bwd IAT Min,0.025183250968025143
Fwd Pkts/s,Active Max,0.025182005351228973
Bwd IAT Std,Subflow Bwd Pkts,0.025174112655552534
Tot Bwd Pkts,Bwd IAT Std,0.025174112655552534
Flow IAT Mean,Fwd Header Len,0.025111076140820886
Bwd IAT Std,Bwd Header Len,0.025091910768764346
Tot Fwd Pkts,Bwd Pkts/s,0.024934538011076385
Bwd Pkts/s,Subflow Fwd Pkts,0.024934538011076385
Dst Port,Subflow Bwd Pkts,0.024827617922365926
Dst Port,Tot Bwd Pkts,0.024827617922365926
ECE Flag Cnt,Active Mean,0.024810109958509276
RST Flag Cnt,Active Mean,0.02480904760376423
TotLen Fwd Pkts,Fwd Seg Size Min,0.024543953345886427
Subflow Fwd Byts,Fwd Seg Size Min,0.024543953345886427
Flow IAT Min,Active Max,0.02453213558298405
Fwd IAT Mean,Idle Std,0.02443062466569763
Fwd Pkt Len Std,Flow Byts/s,0.024149375528165134
Flow Byts/s,Flow IAT Max,0.024032081666654694
Tot Fwd Pkts,Bwd IAT Mean,0.023989085026791274
Bwd IAT Mean,Subflow Fwd Pkts,0.023989085026791274
Fwd Header Len,Bwd Pkts/s,0.02381080671133718
Flow Duration,FIN Flag Cnt,0.023766819959466664
Init Bwd Win Byts,Active Std,0.023612091848216245
Bwd IAT Min,Pkt Len Mean,0.02350586873707421
Fwd IAT Min,Active Max,0.023484363131493168
FIN Flag Cnt,Init Bwd Win Byts,0.023481124327094458
ACK Flag Cnt,Idle Std,0.023429911154705437
Flow Pkts/s,Active Std,0.023346093232704205
Fwd Header Len,Fwd Pkts/s,0.023167647095561798
Fwd Pkts/s,Down/Up Ratio,0.02308977878613999
Bwd Pkt Len Std,Bwd IAT Min,0.023062511987633212
Flow Byts/s,Fwd IAT Max,0.0230473047716525
Fwd IAT Tot,FIN Flag Cnt,0.02304029692566611
Down/Up Ratio,Idle Mean,0.022782628514258853
Tot Fwd Pkts,Fwd Pkts/s,0.0226344610013409
Fwd Pkts/s,Subflow Fwd Pkts,0.0226344610013409
Fwd IAT Min,Bwd IAT Mean,0.022566692827962663
Tot Bwd Pkts,Fwd IAT Std,0.022530468367617434
Fwd IAT Std,Subflow Bwd Pkts,0.022530468367617434
Flow Byts/s,Pkt Len Mean,0.022306284466217616
Fwd Pkt Len Max,Bwd IAT Min,0.022238800593316104
Fwd IAT Mean,Active Std,0.02201159779418045
Fwd IAT Std,Bwd Header Len,0.021929053706334967
Fwd IAT Mean,Fwd Header Len,0.021892848421474286
Flow IAT Mean,SYN Flag Cnt,0.021800538282107203
Flow IAT Mean,Fwd PSH Flags,0.021800538282107203
Bwd IAT Min,Fwd Seg Size Min,0.021699895231672952
Tot Fwd Pkts,Fwd IAT Min,0.02168685352730921
Fwd IAT Min,Subflow Fwd Pkts,0.021686853527309206
Flow Pkts/s,Active Mean,0.021623334500670173
Flow IAT Min,Subflow Fwd Pkts,0.021489890082122886
Tot Fwd Pkts,Flow IAT Min,0.021489890082122882
Fwd Header Len,SYN Flag Cnt,0.021390047560601685
Fwd PSH Flags,Fwd Header Len,0.021390047560601682
Protocol,Subflow Fwd Byts,0.02135286390191761
Protocol,TotLen Fwd Pkts,0.02135286390191761
Bwd IAT Tot,Fwd Seg Size Min,0.021296970661741858
Bwd IAT Std,Fwd Seg Size Min,0.021290642510347988
Fwd IAT Std,Init Bwd Win Byts,0.021249095777262965
Flow IAT Max,FIN Flag Cnt,0.021219231575682812
Fwd IAT Std,RST Flag Cnt,0.021120216115805595
Fwd IAT Std,ECE Flag Cnt,0.021118771985131735
Bwd Header Len,URG Flag Cnt,0.020928112818250952
Flow IAT Min,Active Std,0.02077118843554181
Flow Byts/s,Bwd IAT Tot,0.02074654718442459
ACK Flag Cnt,Subflow Fwd Byts,0.02067476841254413
TotLen Fwd Pkts,ACK Flag Cnt,0.02067476841254413
Fwd IAT Mean,Pkt Len Var,0.020653923507360325
Bwd Pkts/s,Active Std,0.02035757361020032
Fwd IAT Min,Active Std,0.02034499218145091
Fwd Pkts/s,Active Std,0.02033815955113173
Fwd IAT Max,FIN Flag Cnt,0.02032585754333977
Init Bwd Win Byts,Active Mean,0.01983857105794389
Pkt Len Var,FIN Flag Cnt,0.019811989264806706
Tot Bwd Pkts,Bwd Pkt Len Min,0.01975943752925406
Bwd Pkt Len Min,Subflow Bwd Pkts,0.01975943752925406
Fwd Pkt Len Max,Flow IAT Max,0.019714948142550252
Flow IAT Std,Fwd IAT Min,0.019527076749409053
Pkt Len Min,Subflow Fwd Byts,0.019451899488610334
TotLen Fwd Pkts,Pkt Len Min,0.019451899488610334
RST Flag Cnt,Fwd Seg Size Min,0.019361968226374943
ECE Flag Cnt,Fwd Seg Size Min,0.019358634087613152
Bwd IAT Mean,SYN Flag Cnt,0.019184744074561378
Bwd IAT Mean,Fwd PSH Flags,0.019184744074561378
Tot Bwd Pkts,ACK Flag Cnt,0.01908173888983781
ACK Flag Cnt,Subflow Bwd Pkts,0.019081738889837805
Bwd Pkt Len Min,Subflow Fwd Byts,0.019079131859136435
TotLen Fwd Pkts,Bwd Pkt Len Min,0.019079131859136435
Bwd Pkts/s,Active Mean,0.0188549346078624
Bwd IAT Tot,FIN Flag Cnt,0.018844781882384438
Flow Byts/s,Bwd IAT Std,0.018843961999626953
Fwd Pkts/s,Active Mean,0.018837567922470027
Bwd IAT Tot,Subflow Fwd Byts,0.018808893006913026
TotLen Fwd Pkts,Bwd IAT Tot,0.018808893006913026
Flow IAT Mean,Subflow Fwd Pkts,0.01877503157944474
Tot Fwd Pkts,Flow IAT Mean,0.01877503157944474
Fwd IAT Tot,Fwd Seg Size Avg,0.018695126648074864
Fwd Pkt Len Mean,Fwd IAT Tot,0.018695126648074857
Flow Byts/s,Flow IAT Std,0.018493495086643805
FIN Flag Cnt,Down/Up Ratio,0.018434998774663945
Flow IAT Std,Fwd Header Len,0.018371855088801993
Protocol,TotLen Bwd Pkts,0.0183191291367298
Protocol,Subflow Bwd Byts,0.0183191291367298
Init Bwd Win Byts,Idle Std,0.018275811819900834
Fwd IAT Min,Bwd Header Len,0.018199792211482005
Flow Pkts/s,Bwd Header Len,0.01814942667352789
Flow Byts/s,URG Flag Cnt,0.018121161297435632
Down/Up Ratio,Idle Max,0.018078793787413377
Flow Byts/s,Fwd IAT Mean,0.018066264261918714
Flow IAT Min,Bwd Header Len,0.018050338823902726
Flow Byts/s,Bwd IAT Max,0.017989424844551634
TotLen Fwd Pkts,Active Max,0.017980752432229935
Subflow Fwd Byts,Active Max,0.017980752432229935
Bwd IAT Max,Init Bwd Win Byts,0.017967568514983163
Fwd Pkt Len Min,Subflow Fwd Byts,0.017874715252148968
TotLen Fwd Pkts,Fwd Pkt Len Min,0.017874715252148968
Flow Byts/s,Idle Max,0.017793809586516957
Flow Byts/s,Fwd IAT Std,0.01778923475516085
Flow Byts/s,Idle Mean,0.017694457001345965
Flow Byts/s,Pkt Size Avg,0.017662303718189148
Flow IAT Min,Active Mean,0.017630753014093465
Fwd Pkt Len Std,Bwd IAT Min,0.017598436978926643
Tot Bwd Pkts,URG Flag Cnt,0.017540364824003705
URG Flag Cnt,Subflow Bwd Pkts,0.017540364824003705
Bwd IAT Min,ACK Flag Cnt,0.017464123318668756
Fwd Pkt Len Min,Flow Byts/s,0.017442206349695503
Bwd Pkt Len Min,Bwd IAT Min,0.017414349362647828
Flow Pkts/s,Active Min,0.017414011716634217
Bwd IAT Min,Pkt Len Min,0.017394153096128153
Flow Duration,Fwd Pkt Len Mean,0.017326311420770013
Flow Duration,Fwd Seg Size Avg,0.017326311420770013
Bwd IAT Std,SYN Flag Cnt,0.017294180322475785
Bwd IAT Std,Fwd PSH Flags,0.017294180322475785
Flow Byts/s,Idle Min,0.01723399930170216
Flow IAT Mean,Bwd Header Len,0.017212229656575217
Bwd IAT Std,FIN Flag Cnt,0.0170750024161129
Dst Port,Bwd IAT Min,0.01707136392742963
Pkt Len Min,Subflow Bwd Byts,0.017043738052904323
TotLen Bwd Pkts,Pkt Len Min,0.017043738052904323
Flow Byts/s,Bwd IAT Mean,0.016986519250717508
TotLen Bwd Pkts,PSH Flag Cnt,0.01691141712433985
PSH Flag Cnt,Subflow Bwd Byts,0.01691141712433985
Subflow Fwd Byts,Init Bwd Win Byts,0.01680455560054926
TotLen Fwd Pkts,Init Bwd Win Byts,0.01680455560054926
Bwd IAT Min,Fwd Seg Size Avg,0.01679580190056476
Fwd Pkt Len Mean,Bwd IAT Min,0.01679580190056476
Fwd Pkt Len Min,Bwd IAT Min,0.01674449553878283
TotLen Bwd Pkts,Fwd Pkt Len Min,0.01671313131822234
Fwd Pkt Len Min,Subflow Bwd Byts,0.01671313131822234
FIN Flag Cnt,URG Flag Cnt,0.016648172055657426
TotLen Fwd Pkts,TotLen Bwd Pkts,0.016587165687655885
TotLen Bwd Pkts,Subflow Fwd Byts,0.016587165687655885
TotLen Fwd Pkts,Subflow Bwd Byts,0.016587165687655885
Subflow Fwd Byts,Subflow Bwd Byts,0.016587165687655885
Flow Byts/s,Flow IAT Mean,0.016580374175073
Flow IAT Std,FIN Flag Cnt,0.01646140936871568
Flow Byts/s,RST Flag Cnt,0.016432897466372907
Flow Byts/s,ECE Flag Cnt,0.016432633743965298
Fwd IAT Mean,Fwd PSH Flags,0.016430933819140913
Fwd IAT Mean,SYN Flag Cnt,0.016430933819140913
Subflow Fwd Byts,Active Std,0.016410837710441422
TotLen Fwd Pkts,Active Std,0.016410837710441422
Fwd IAT Min,Active Mean,0.01636392703192258
Bwd IAT Max,FIN Flag Cnt,0.016342587981700577
Bwd Header Len,Fwd Pkts/s,0.016130774580044683
FIN Flag Cnt,Idle Max,0.015985763111875884
Flow IAT Mean,Bwd IAT Max,0.01590608642568146
Fwd IAT Std,FIN Flag Cnt,0.015893712784933376
FIN Flag Cnt,Idle Mean,0.01589085512438824
Bwd IAT Max,Fwd Seg Size Min,0.015862700035306616
Fwd IAT Mean,FIN Flag Cnt,0.015709284858147772
TotLen Bwd Pkts,Bwd Pkt Len Std,0.015558935429537457
Bwd Pkt Len Std,Subflow Bwd Byts,0.015558935429537457
Fwd IAT Mean,Active Max,0.015482669147894864
FIN Flag Cnt,Idle Min,0.015469726979433917
Flow IAT Mean,Bwd IAT Tot,0.015459855547856975
Flow Pkts/s,Idle Std,0.015377587110741026
Bwd IAT Mean,FIN Flag Cnt,0.015361881033322507
URG Flag Cnt,Active Mean,0.01528471617119209
Bwd IAT Min,Init Fwd Win Byts,0.015241824495085123
Bwd Header Len,Bwd Pkts/s,0.015187804393486085
Bwd Pkts/s,Active Min,0.015184440133642792
Fwd IAT Min,Subflow Bwd Pkts,0.015177201153750921
Tot Bwd Pkts,Fwd IAT Min,0.015177201153750921
Fwd Pkts/s,Active Min,0.015170580750639914
Flow IAT Min,Subflow Bwd Pkts,0.015091022641647396
Tot Bwd Pkts,Flow IAT Min,0.015091022641647394
Flow Pkts/s,Subflow Bwd Pkts,0.015057264301955468
Tot Bwd Pkts,Flow Pkts/s,0.015057264301955468
FIN Flag Cnt,RST Flag Cnt,0.014956103152525645
FIN Flag Cnt,ECE Flag Cnt,0.014955865134798454
Fwd IAT Mean,Bwd Header Len,0.014736362267462581
Bwd IAT Mean,Fwd Header Len,0.014645714433618996
Flow IAT Std,Subflow Bwd Pkts,0.014438858873167324
Tot Bwd Pkts,Flow IAT Std,0.014438858873167322
Fwd Pkt Len Mean,Pkt Len Min,0.014426677774658342
Pkt Len Min,Fwd Seg Size Avg,0.014426677774658338
Fwd IAT Mean,Subflow Fwd Pkts,0.014360025799050638
Tot Fwd Pkts,Fwd IAT Mean,0.014360025799050637
Flow Byts/s,Fwd IAT Min,0.014343704431063075
Flow IAT Mean,FIN Flag Cnt,0.014342901245683666
Flow IAT Mean,Subflow Bwd Pkts,0.014331728766397897
Tot Bwd Pkts,Flow IAT Mean,0.014331728766397893
Bwd IAT Max,Subflow Fwd Byts,0.014299134321595791
TotLen Fwd Pkts,Bwd IAT Max,0.014299134321595791
TotLen Fwd Pkts,Fwd IAT Tot,0.014104160574681925
Fwd IAT Tot,Subflow Fwd Byts,0.014104160574681925
Flow Byts/s,Flow IAT Min,0.014063394607773744
Bwd IAT Tot,Fwd PSH Flags,0.01404050871621144
Bwd IAT Tot,SYN Flag Cnt,0.01404050871621144
Flow Duration,TotLen Fwd Pkts,0.01400627805907618
Flow Duration,Subflow Fwd Byts,0.01400627805907618
Bwd IAT Min,PSH Flag Cnt,0.013997820655075507
Protocol,Pkt Size Avg,0.013981586044626551
Protocol,Flow Byts/s,0.013978288112473421
Flow IAT Max,PSH Flag Cnt,0.013949579816021651
RST Flag Cnt,Active Std,0.013867613586023465
ECE Flag Cnt,Active Std,0.013867047810388099
Flow IAT Min,Active Min,0.01384900966008583
Flow IAT Std,Bwd Header Len,0.013761889625307088
Fwd PSH Flags,Fwd Seg Size Min,0.013588484617685588
SYN Flag Cnt,Fwd Seg Size Min,0.013588484617685588
Flow IAT Mean,Idle Std,0.013481583829318055
Tot Bwd Pkts,Fwd Pkts/s,0.013412167026189931
Fwd Pkts/s,Subflow Bwd Pkts,0.013412167026189931
Bwd Pkts/s,Idle Std,0.013409246367891144
Fwd Pkts/s,Idle Std,0.013396255940682328
Flow Byts/s,Pkt Len Var,0.013387228865109025
Bwd IAT Std,Init Bwd Win Byts,0.01320187737298351
Bwd Pkts/s,ACK Flag Cnt,0.0129346407532516
Flow Pkts/s,Bwd IAT Min,0.012783896427576751
Bwd IAT Min,Active Mean,0.012752146903377583
Fwd IAT Min,Active Min,0.012664569748800094
Bwd IAT Max,SYN Flag Cnt,0.012649101707586307
Bwd IAT Max,Fwd PSH Flags,0.012649101707586307
Bwd IAT Min,Fwd Act Data Pkts,0.012621365745207936
Bwd Pkts/s,Subflow Bwd Pkts,0.012541063339033506
Tot Bwd Pkts,Bwd Pkts/s,0.012541063339033503
Dst Port,Subflow Fwd Byts,0.012379340173428408
Dst Port,TotLen Fwd Pkts,0.012379340173428408
Fwd IAT Min,FIN Flag Cnt,0.01237048967425574
Dst Port,Active Mean,0.012228276359618345
Flow IAT Min,FIN Flag Cnt,0.012107814914055213
Tot Bwd Pkts,Fwd IAT Mean,0.012104249772380319
Fwd IAT Mean,Subflow Bwd Pkts,0.012104249772380319
TotLen Fwd Pkts,Fwd IAT Std,0.01210399681781187
Fwd IAT Std,Subflow Fwd Byts,0.012103996817811867
Bwd IAT Min,Active Min,0.012081539412600345
Bwd IAT Min,Pkt Len Var,0.0120644566964212
Fwd Seg Size Avg,Idle Min,0.0120211993512911
Fwd Pkt Len Mean,Idle Min,0.0120211993512911
Dst Port,TotLen Bwd Pkts,0.011977457098653646
Dst Port,Subflow Bwd Byts,0.011977457098653646
Subflow Fwd Byts,Active Mean,0.011912826948164403
TotLen Fwd Pkts,Active Mean,0.011912826948164403
Subflow Fwd Pkts,Init Bwd Win Byts,0.011859570833518114
Tot Fwd Pkts,Init Bwd Win Byts,0.011859570833518114
Flow IAT Min,Idle Std,0.011857654120240762
TotLen Bwd Pkts,Fwd IAT Std,0.011837904743219293
Fwd IAT Std,Subflow Bwd Byts,0.011837904743219291
Fwd PSH Flags,FIN Flag Cnt,0.01180842105673309
FIN Flag Cnt,SYN Flag Cnt,0.01180842105673309
Bwd Pkt Len Min,Flow Byts/s,0.011793847147330666
Flow IAT Min,Bwd IAT Min,0.01173921312172339
Bwd IAT Min,URG Flag Cnt,0.011696068918292493
Bwd IAT Mean,Init Fwd Win Byts,0.011488955541187392
Fwd Pkt Len Mean,Flow IAT Max,0.011403333832942517
Flow IAT Max,Fwd Seg Size Avg,0.011403333832942508
ECE Flag Cnt,Subflow Fwd Byts,0.011197492615751434
TotLen Fwd Pkts,ECE Flag Cnt,0.011197492615751434
TotLen Fwd Pkts,RST Flag Cnt,0.01119703380433075
RST Flag Cnt,Subflow Fwd Byts,0.01119703380433075
Bwd IAT Min,Bwd Pkts/s,0.011147591192487144
Bwd IAT Min,Fwd Pkts/s,0.011136729560064729
Bwd IAT Max,RST Flag Cnt,0.010956246263483817
Bwd IAT Max,ECE Flag Cnt,0.010954632056074238
URG Flag Cnt,Subflow Fwd Byts,0.010950834901443914
TotLen Fwd Pkts,URG Flag Cnt,0.010950834901443914
Bwd IAT Std,Subflow Bwd Byts,0.010950394144103454
TotLen Bwd Pkts,Bwd IAT Std,0.010950394144103454
Flow Byts/s,Fwd Seg Size Avg,0.010728328742955501
Fwd Pkt Len Mean,Flow Byts/s,0.010728328742955498
TotLen Fwd Pkts,Bwd IAT Std,0.010674466142824806
Bwd IAT Std,Subflow Fwd Byts,0.010674466142824806
Fwd Seg Size Avg,Subflow Bwd Byts,0.010595649856896646
Fwd Pkt Len Mean,Subflow Bwd Byts,0.010595649856896646
TotLen Bwd Pkts,Fwd Seg Size Avg,0.01059564985689664
TotLen Bwd Pkts,Fwd Pkt Len Mean,0.01059564985689664
Bwd IAT Min,Active Max,0.010126829114001276
Fwd PSH Flags,Active Std,0.010112065839318266
SYN Flag Cnt,Active Std,0.010112065839318266
Dst Port,Idle Std,0.01004503050366086
Flow IAT Mean,Bwd IAT Std,0.010004732710725849
Bwd IAT Std,RST Flag Cnt,0.009991740278968863
Bwd IAT Std,ECE Flag Cnt,0.009990033296373779
URG Flag Cnt,Active Min,0.009774480157123304
Bwd IAT Mean,Bwd Header Len,0.009702040582732344
SYN Flag Cnt,Idle Std,0.009685989432160777
Fwd PSH Flags,Idle Std,0.009685989432160777
Fwd IAT Min,Idle Std,0.009671315027533243
Flow Byts/s,Active Max,0.009574534855472891
Fwd IAT Std,Fwd Seg Size Min,0.009565798916127622
Bwd Pkts/s,FIN Flag Cnt,0.009467916146361489
Flow IAT Std,Init Fwd Win Byts,0.00926608642513505
Flow Duration,Fwd PSH Flags,0.009250184149508522
Flow Duration,SYN Flag Cnt,0.009250184149508522
Flow Byts/s,Fwd Seg Size Min,0.009162917844181709
ECE Flag Cnt,Active Max,0.009155297453645532
RST Flag Cnt,Active Max,0.00915422057230568
Flow Pkts/s,Subflow Fwd Byts,0.008929676902596087
TotLen Fwd Pkts,Flow Pkts/s,0.008929676902596086
Flow Byts/s,Pkt Len Min,0.008894985181112591
Subflow Fwd Byts,Active Min,0.008812691505954507
TotLen Fwd Pkts,Active Min,0.008812691505954507
URG Flag Cnt,Subflow Bwd Byts,0.008729075332044756
TotLen Bwd Pkts,URG Flag Cnt,0.008729075332044754
FIN Flag Cnt,Active Max,0.008570510743150914
Fwd Header Len,FIN Flag Cnt,0.008493957051649905
Fwd IAT Min,Subflow Fwd Byts,0.00843422943967886
TotLen Fwd Pkts,Fwd IAT Min,0.00843422943967886
Fwd Seg Size Avg,Idle Mean,0.008364213715016926
Fwd Pkt Len Mean,Idle Mean,0.008364213715016926
Flow Byts/s,Down/Up Ratio,0.0083348971361094
TotLen Fwd Pkts,Flow IAT Min,0.008306682884856392
Flow IAT Min,Subflow Fwd Byts,0.008306682884856392
Bwd IAT Mean,Subflow Bwd Pkts,0.008268900698296132
Tot Bwd Pkts,Bwd IAT Mean,0.00826890069829613
URG Flag Cnt,Idle Std,0.008149788810575659
RST Flag Cnt,Idle Std,0.008100617685307121
ECE Flag Cnt,Idle Std,0.008100230246902275
TotLen Fwd Pkts,Flow IAT Std,0.00805974615916863
Flow IAT Std,Subflow Fwd Byts,0.008059746159168628
Tot Fwd Pkts,FIN Flag Cnt,0.007885324262225404
FIN Flag Cnt,Subflow Fwd Pkts,0.0078853242622254
TotLen Fwd Pkts,Bwd Pkts/s,0.007811912400982347
Bwd Pkts/s,Subflow Fwd Byts,0.007811912400982346
TotLen Fwd Pkts,Fwd Pkts/s,0.0077664866099750205
Fwd Pkts/s,Subflow Fwd Byts,0.0077664866099750205
Flow Byts/s,Active Std,0.007752066747145842
Flow IAT Mean,Subflow Fwd Byts,0.007700646771351163
TotLen Fwd Pkts,Flow IAT Mean,0.007700646771351163
Fwd IAT Tot,Fwd PSH Flags,0.007532809926125853
Fwd IAT Tot,SYN Flag Cnt,0.007532809926125853
Fwd Pkt Len Std,Subflow Bwd Byts,0.007470551855489956
TotLen Bwd Pkts,Fwd Pkt Len Std,0.007470551855489956
Flow Byts/s,Fwd Header Len,0.007405613341553784
Tot Fwd Pkts,ECE Flag Cnt,0.007287088095213951
ECE Flag Cnt,Subflow Fwd Pkts,0.00728708809521395
RST Flag Cnt,Subflow Fwd Pkts,0.007286183361672879
Tot Fwd Pkts,RST Flag Cnt,0.007286183361672879
Subflow Fwd Byts,Idle Max,0.007279649091244607
TotLen Fwd Pkts,Idle Max,0.007279649091244607
Flow Pkts/s,Subflow Bwd Byts,0.007224136028418335
TotLen Bwd Pkts,Flow Pkts/s,0.007224136028418335
Bwd IAT Mean,Down/Up Ratio,0.00717486074053784
Flow Byts/s,Active Mean,0.007149023481293629
FIN Flag Cnt,Active Std,0.007061994201958921
Fwd PSH Flags,Bwd Pkts/s,0.006973286103117232
Bwd Pkts/s,SYN Flag Cnt,0.006973286103117232
Flow IAT Mean,Subflow Bwd Byts,0.0069697106988772005
TotLen Bwd Pkts,Flow IAT Mean,0.0069697106988772005
TotLen Fwd Pkts,Idle Mean,0.006891526152291595
Subflow Fwd Byts,Idle Mean,0.006891526152291595
TotLen Bwd Pkts,Fwd IAT Min,0.006810794626087332
Fwd IAT Min,Subflow Bwd Byts,0.006810794626087332
Flow IAT Min,Subflow Bwd Byts,0.006681923865718545
TotLen Bwd Pkts,Flow IAT Min,0.006681923865718545
Tot Fwd Pkts,Flow Byts/s,0.006604911109571983
Flow Byts/s,Subflow Fwd Pkts,0.006604911109571983
Bwd IAT Min,Down/Up Ratio,0.006604246065587345
Fwd IAT Mean,Subflow Fwd Byts,0.006539203131518129
TotLen Fwd Pkts,Fwd IAT Mean,0.006539203131518129
Fwd IAT Max,Fwd PSH Flags,0.006457269724222794
Fwd IAT Max,SYN Flag Cnt,0.006457269724222794
Fwd Seg Size Min,Active Max,0.006424160057414658
FIN Flag Cnt,Active Mean,0.006319921329470329
Fwd IAT Mean,Subflow Bwd Byts,0.0063084290428872085
TotLen Bwd Pkts,Fwd IAT Mean,0.0063084290428872085
TotLen Bwd Pkts,Fwd Pkts/s,0.006299693678631735
Fwd Pkts/s,Subflow Bwd Byts,0.006299693678631735
TotLen Bwd Pkts,Bwd Pkts/s,0.006286756472371841
Bwd Pkts/s,Subflow Bwd Byts,0.006286756472371841
Subflow Fwd Byts,Idle Min,0.006271805436479989
TotLen Fwd Pkts,Idle Min,0.006271805436479989
Fwd Seg Size Min,Active Min,0.006217143789041122
Flow IAT Std,Subflow Bwd Byts,0.006123633758263271
TotLen Bwd Pkts,Flow IAT Std,0.006123633758263269
Fwd Seg Size Min,Active Mean,0.006118115159762065
Init Fwd Win Byts,Idle Std,0.005929669443696504
Fwd PSH Flags,Active Max,0.005778184092715032
SYN Flag Cnt,Active Max,0.005778184092715032
Flow Byts/s,Active Min,0.005750988951294324
Fwd IAT Max,Subflow Fwd Byts,0.005713022208216725
TotLen Fwd Pkts,Fwd IAT Max,0.005713022208216725
TotLen Bwd Pkts,RST Flag Cnt,0.005571003314146679
RST Flag Cnt,Subflow Bwd Byts,0.005571003314146677
TotLen Bwd Pkts,ECE Flag Cnt,0.005570846044572316
ECE Flag Cnt,Subflow Bwd Byts,0.005570846044572316
TotLen Fwd Pkts,Idle Std,0.005553765793110382
Subflow Fwd Byts,Idle Std,0.005553765793110382
Subflow Bwd Byts,Init Bwd Win Byts,0.005508571885133515
TotLen Bwd Pkts,Init Bwd Win Byts,0.005508571885133515
Bwd Header Len,FIN Flag Cnt,0.00549059103374618
Pkt Len Var,Down/Up Ratio,0.005460105309264574
Bwd IAT Mean,RST Flag Cnt,0.005393379323198002
Bwd IAT Mean,ECE Flag Cnt,0.005391789754399227
Flow Byts/s,Subflow Fwd Byts,0.005342265862643937
TotLen Fwd Pkts,Flow Byts/s,0.005342265862643936
Fwd IAT Mean,Active Mean,0.005339267668075778
Init Fwd Win Byts,Idle Max,0.0052912902773955455
Flow IAT Max,Subflow Fwd Byts,0.005239868118168474
TotLen Fwd Pkts,Flow IAT Max,0.005239868118168474
Pkt Len Mean,Fwd Seg Size Min,0.00515680176122423
Flow Byts/s,Idle Std,0.005117034046739728
FIN Flag Cnt,Active Min,0.005037734313183331
Bwd IAT Min,Fwd Header Len,0.004991588413670222
Fwd Seg Size Avg,Idle Max,0.004913774953700743
Fwd Pkt Len Mean,Idle Max,0.004913774953700743
Flow Pkts/s,PSH Flag Cnt,0.004809097148732814
FIN Flag Cnt,Fwd Seg Size Min,0.004805923051256158
Flow Byts/s,Bwd Header Len,0.0047984874587903275
Subflow Bwd Byts,Fwd Seg Size Min,0.0047042947992077125
TotLen Bwd Pkts,Fwd Seg Size Min,0.0047042947992077125
Bwd IAT Mean,Subflow Fwd Byts,0.0046553063831160655
TotLen Fwd Pkts,Bwd IAT Mean,0.004655306383116065
Init Fwd Win Byts,Idle Mean,0.004653191308554478
FIN Flag Cnt,Idle Std,0.004651547270829821
Dst Port,Active Min,0.004631632955966746
Flow Byts/s,FIN Flag Cnt,0.0046058204545428435
Bwd Header Len,Init Bwd Win Byts,0.004554666547182969
FIN Flag Cnt,Subflow Bwd Pkts,0.004519822361507135
Tot Bwd Pkts,FIN Flag Cnt,0.004519822361507135
Bwd Header Len,RST Flag Cnt,0.004385054698160344
Bwd Header Len,ECE Flag Cnt,0.004384477315833275
Flow Byts/s,Bwd IAT Min,0.004264054483718543
Bwd IAT Min,Init Bwd Win Byts,0.004139062254473164
Fwd Pkt Len Mean,Fwd IAT Max,0.003994410398567796
Fwd IAT Max,Fwd Seg Size Avg,0.0039944103985677945
Init Fwd Win Byts,Idle Min,0.003930681358287724
Bwd IAT Min,Active Std,0.003892248721379568
Bwd IAT Min,FIN Flag Cnt,0.0038340788883994116
Tot Bwd Pkts,Flow Byts/s,0.003793940255386638
Flow Byts/s,Subflow Bwd Pkts,0.003793940255386638
Bwd IAT Mean,Init Bwd Win Byts,0.0036909545962168235
Bwd IAT Std,Bwd IAT Min,0.003524168303213329
Bwd IAT Min,ECE Flag Cnt,0.003508676282285062
Bwd IAT Min,RST Flag Cnt,0.0035082077528109995
Init Fwd Win Byts,Active Min,0.0035009312180304454
Bwd IAT Min,Subflow Fwd Pkts,0.003480630974176991
Tot Fwd Pkts,Bwd IAT Min,0.00348063097417699
Init Bwd Win Byts,Active Max,0.003299942886922386
TotLen Fwd Pkts,Fwd PSH Flags,0.0032536173798372627
SYN Flag Cnt,Subflow Fwd Byts,0.0032536173798372627
Fwd PSH Flags,Subflow Fwd Byts,0.0032536173798372627
TotLen Fwd Pkts,SYN Flag Cnt,0.0032536173798372627
Bwd IAT Min,Bwd Header Len,0.003242097924861034
Flow IAT Max,SYN Flag Cnt,0.003193670596157947
Flow IAT Max,Fwd PSH Flags,0.003193670596157947
TotLen Bwd Pkts,Bwd Pkt Len Min,0.002955650150608056
Bwd Pkt Len Min,Subflow Bwd Byts,0.002955650150608054
Fwd IAT Std,Init Fwd Win Byts,0.002899220125275466
Init Fwd Win Byts,Active Std,0.0028724452164526656
TotLen Fwd Pkts,FIN Flag Cnt,0.002760788400442814
FIN Flag Cnt,Subflow Fwd Byts,0.0027607884004428136
Fwd Header Len,Init Bwd Win Byts,0.002670778415559799
Init Fwd Win Byts,Active Mean,0.002595234498699474
Bwd IAT Min,Subflow Bwd Pkts,0.0024749845553435996
Tot Bwd Pkts,Bwd IAT Min,0.0024749845553435996
RST Flag Cnt,Subflow Bwd Pkts,0.002432159256087516
Tot Bwd Pkts,RST Flag Cnt,0.0024321592560875146
ECE Flag Cnt,Subflow Bwd Pkts,0.002431658864930654
Tot Bwd Pkts,ECE Flag Cnt,0.0024316588649306537
Flow IAT Std,Fwd Seg Size Min,0.002405094282140908
Flow IAT Mean,Active Mean,0.0022910441669571967
Flow IAT Mean,Active Min,0.002240673448498467
TotLen Bwd Pkts,FIN Flag Cnt,0.0021897925760420702
FIN Flag Cnt,Subflow Bwd Byts,0.0021897925760420694
Bwd IAT Max,Init Fwd Win Byts,0.002162106067901388
TotLen Bwd Pkts,Bwd IAT Mean,0.0019365517973933483
Bwd IAT Mean,Subflow Bwd Byts,0.0019365517973933479
TotLen Bwd Pkts,Bwd IAT Min,0.0019341537471807414
Bwd IAT Min,Subflow Bwd Byts,0.0019341537471807408
Down/Up Ratio,Subflow Fwd Byts,0.0018402432306826866
TotLen Fwd Pkts,Down/Up Ratio,0.0018402432306826846
Fwd Seg Size Min,Active Std,0.0018339174572918045
Fwd IAT Max,PSH Flag Cnt,0.0017041683064724618
Flow IAT Mean,Active Max,0.001628419634446957
Fwd Header Len,ECE Flag Cnt,0.0015885073271229909
Fwd Header Len,RST Flag Cnt,0.0015876560995350918
TotLen Bwd Pkts,Flow Byts/s,0.0015585380672396313
Flow Byts/s,Subflow Bwd Byts,0.0015585380672396311
TotLen Fwd Pkts,Bwd IAT Min,0.0015005688007326623
Bwd IAT Min,Subflow Fwd Byts,0.0015005688007326623
Init Fwd Win Byts,Active Max,0.0013031091408701497
TotLen Bwd Pkts,ACK Flag Cnt,0.0012593116464923314
ACK Flag Cnt,Subflow Bwd Byts,0.0012593116464923305
SYN Flag Cnt,Active Min,0.0011932821055503037
Fwd PSH Flags,Active Min,0.0011932821055503037
Tot Bwd Pkts,Init Bwd Win Byts,0.0010922135444319065
Subflow Bwd Pkts,Init Bwd Win Byts,0.0010922135444319065
Fwd IAT Mean,Active Min,0.0007992137121136819
Bwd IAT Mean,Fwd Seg Size Min,0.000416061000548625
Bwd IAT Std,Init Fwd Win Byts,0.00039558383126958536
TotLen Bwd Pkts,Init Fwd Win Byts,0.00032453183472339666
Subflow Bwd Byts,Init Fwd Win Byts,0.00032453183472339666
Bwd IAT Tot,Init Fwd Win Byts,0.00032205641166972005
Flow IAT Mean,Active Std,0.00031652250318788667
Fwd Seg Size Min,Idle Std,0.00026412834960334663
SYN Flag Cnt,Active Mean,0.00011419021938322882
Fwd PSH Flags,Active Mean,0.00011419021938322882
ECE Flag Cnt,Init Fwd Win Byts,0.00010034080135306132
RST Flag Cnt,Init Fwd Win Byts,0.00010021091821347688
